icao,name,country,type,lat,lon,elev_m,runway,heading_deg,length_m,width_m,surface
EPBA,ALEKSANDROWICE K/BIELSKA BIAŁEJ,PL,airfield_civil,49.80500000,19.00202000,401,04,36,540,50,grass
EPBA,ALEKSANDROWICE K/BIELSKA BIAŁEJ,PL,airfield_civil,49.80500000,19.00202000,401,22,216,540,50,grass
EPBA,ALEKSANDROWICE K/BIELSKA BIAŁEJ,PL,airfield_civil,49.80500000,19.00202000,401,09,87,560,100,grass
EPBA,ALEKSANDROWICE K/BIELSKA BIAŁEJ,PL,airfield_civil,49.80500000,19.00202000,401,27,267,560,100,grass
,ANNOWO,PL,airfield_civil,52.80194000,17.88056000,107,16,158,500,36,grass
,ANNOWO,PL,airfield_civil,52.80194000,17.88056000,107,34,338,500,36,grass
EPBB,BABIĘTA,PL,airfield_civil,53.66806000,21.25472000,155,14,145,732,52,grass
EPBB,BABIĘTA,PL,airfield_civil,53.66806000,21.25472000,155,32,325,732,52,grass
EPAR,ARŁAMOW,PL,airfield_civil,49.65833000,22.51417000,442,17,167,1200,27,asphalt
EPAR,ARŁAMOW,PL,airfield_civil,49.65833000,22.51417000,442,35,347,1200,27,asphalt
EPKG,BAGICZ,PL,airfield_civil,54.20028000,15.68417000,6,07,71,892,40,concrete
EPKG,BAGICZ,PL,airfield_civil,54.20028000,15.68417000,6,25,251,892,40,concrete
,BARANÓW,PL,airfield_civil,52.12194000,20.48167000,90,09,85,655,30,grass
,BARANÓW,PL,airfield_civil,52.12194000,20.48167000,90,27,265,655,30,grass
EPBE,BELCHATOW-KALDUNY,PL,airfield_civil,51.40139000,19.37833000,214,17,169,700,50,grass
EPBE,BELCHATOW-KALDUNY,PL,airfield_civil,51.40139000,19.37833000,214,35,349,700,50,grass
,BEZMIECHOWA,PL,airfield_civil,49.51333000,22.40750000,450,01,11,600,60,grass
,BEZMIECHOWA,PL,airfield_civil,49.51333000,22.40750000,450,19,191,600,60,grass
,BEZMIECHOWA,PL,airfield_civil,49.51333000,22.40750000,450,19,193,250,60,grass
EPBR,BARYT K.ZŁOTORYI,PL,airfield_civil,51.05556000,16.01333000,433,10,98,500,15,grass
EPBR,BARYT K.ZŁOTORYI,PL,airfield_civil,51.05556000,16.01333000,433,28,278,500,15,grass
,BIAŁOUSY,PL,airfield_civil,53.40556000,23.22889000,171,10,97,368,27,grass
,BIAŁOUSY,PL,airfield_civil,53.40556000,23.22889000,171,28,277,368,27,grass
,BORNE SULINOWO,PL,airfield_civil,53.57611000,16.52694000,143,13,126,610,25,grass
,BORNE SULINOWO,PL,airfield_civil,53.57611000,16.52694000,143,31,306,610,25,grass
EPBO,BORSK,PL,airfield_civil,53.95111000,17.94778000,142,10,102,1620,40,concrete
EPBO,BORSK,PL,airfield_civil,53.95111000,17.94778000,142,28,282,1620,40,concrete
EPBK,BIAŁYSTOK KRYWLANY,PL,airfield_civil,53.10097000,23.17194000,149,09R,87,1350,30,asphalt
EPBK,BIAŁYSTOK KRYWLANY,PL,airfield_civil,53.10097000,23.17194000,149,27L,267,1350,30,asphalt
EPBK,BIAŁYSTOK KRYWLANY,PL,airfield_civil,53.10097000,23.17194000,149,09L,87,840,80,grass
EPBK,BIAŁYSTOK KRYWLANY,PL,airfield_civil,53.10097000,23.17194000,149,27R,267,840,80,grass
,BOŻYKOWO,PL,ultralight,54.07472000,21.83472000,150,02,24,294,35,grass
,BOŻYKOWO,PL,ultralight,54.07472000,21.83472000,150,20,204,294,35,grass
EPBI,BRZESKA WOLA,PL,airfield_civil,51.60778000,21.00500000,145,10,95,639,50,grass
EPBI,BRZESKA WOLA,PL,airfield_civil,51.60778000,21.00500000,145,28,275,639,50,grass
,BORAWE,PL,airfield_civil,52.99583000,21.56639000,99,14,142,490,20,grass
,BORAWE,PL,airfield_civil,52.99583000,21.56639000,99,32,322,490,20,grass
,BRODY,PL,ultralight,53.36028000,23.13306000,146,01,5,380,32,grass
,BRODY,PL,ultralight,53.36028000,23.13306000,146,19,185,380,32,grass
,BRODY,PL,ultralight,53.36028000,23.13306000,146,09,90,250,30,grass
,BRODY,PL,ultralight,53.36028000,23.13306000,146,27,270,250,30,grass
,BUCHARZEWO,PL,airfield_civil,52.67861000,16.11194000,44,05,55,400,40,grass
,BUCHARZEWO,PL,airfield_civil,52.67861000,16.11194000,44,23,235,400,40,grass
,BUDY CZARNOCKIE,PL,airfield_civil,53.22306000,22.11639000,146,05,48,290,25,grass
,BUDY CZARNOCKIE,PL,airfield_civil,53.22306000,22.11639000,146,23,228,290,25,grass
EPBY,BYDGOSZCZ,PL,international,53.09667000,17.97778000,72,08,82,2500,60,asphalt
EPBY,BYDGOSZCZ,PL,international,53.09667000,17.97778000,72,26,262,2500,60,asphalt
EPBY,BYDGOSZCZ,PL,international,53.09667000,17.97778000,72,20,209,590,100,grass
EPBY,BYDGOSZCZ,PL,international,53.09667000,17.97778000,72,02,29,590,100,grass
,BYSTRZYCA KŁODZKA,PL,airfield_civil,50.30861000,16.64611000,380,09,92,450,200,grass
,BYSTRZYCA KŁODZKA,PL,airfield_civil,50.30861000,16.64611000,380,27,272,450,200,grass
,CHALIN,PL,airfield_civil,52.58611000,16.03361000,87,16,165,300,50,grass
,CHALIN,PL,airfield_civil,52.58611000,16.03361000,87,34,345,300,50,grass
,CHEŁMŻA-KUCZWAŁY,PL,airfield_civil,53.15889000,18.64222000,88,09,89,406,25,grass
,CHEŁMŻA-KUCZWAŁY,PL,airfield_civil,53.15889000,18.64222000,88,27,269,406,25,grass
,CHOBOT,PL,airfield_civil,52.25028000,21.40667000,118,15,151,310,35,grass
,CHOBOT,PL,airfield_civil,52.25028000,21.40667000,118,33,331,310,35,grass
EPCE,CEWICE,PL,military,54.41619000,17.76333000,148,07,76,2518,60,asphalt
EPCE,CEWICE,PL,military,54.41619000,17.76333000,148,25,256,2518,60,asphalt
,CHOJNA,PL,airfield_civil,52.93944000,14.43083000,50,09,92,1090,40,concrete
,CHOJNA,PL,airfield_civil,52.93944000,14.43083000,50,27,272,1090,40,concrete
EPNC,CHRCYNNO,PL,airfield_civil,52.57403000,20.87167000,106,10,100,840,50,grass
EPNC,CHRCYNNO,PL,airfield_civil,52.57403000,20.87167000,106,28,280,840,50,grass
EPNC,CHRCYNNO,PL,airfield_civil,52.57403000,20.87167000,106,13,132,910,55,grass
EPNC,CHRCYNNO,PL,airfield_civil,52.57403000,20.87167000,106,31,312,910,55,grass
,CIESZKOWO,PL,airfield_civil,52.70028000,20.27833000,98,18,179,829,60,grass
,CIESZKOWO,PL,airfield_civil,52.70028000,20.27833000,98,36,359,829,60,grass
,CINEK KAMIONKA-NOWE,PL,airfield_civil,53.67639000,18.63111000,88,11,107,260,25,grass
,CINEK KAMIONKA-NOWE,PL,airfield_civil,53.67639000,18.63111000,88,29,287,260,25,grass
,CZARZE-RAFA,PL,airfield_civil,53.21306000,18.21667000,28,06,60,450,30,grass
,CZARZE-RAFA,PL,airfield_civil,53.21306000,18.21667000,28,24,240,450,30,grass
,CZERSK ŚWIECKI,PL,airfield_civil,53.57611000,18.48528000,85,16,163,770,23,asphalt
,CZERSK ŚWIECKI,PL,airfield_civil,53.57611000,18.48528000,85,34,343,770,23,asphalt
,DACHOWA,PL,closed,52.21528000,20.19333000,79,16,160,270,15,grass
,DACHOWA,PL,closed,52.21528000,20.19333000,79,34,340,270,15,grass
,DABROWNO,PL,ultralight,51.87917000,15.91972000,85,10,98,350,50,grass
,DABROWNO,PL,ultralight,51.87917000,15.91972000,85,28,278,350,50,grass
,CZAPLINEK-BROCZYNO,PL,airfield_civil,53.51972000,16.28333000,155,10,104,2300,30,concrete
,CZAPLINEK-BROCZYNO,PL,airfield_civil,53.51972000,16.28333000,155,28,284,2300,30,concrete
EPOD,DAJTKI K/OLSZTYNA,PL,airfield_civil,53.77383000,20.41389000,130,09R,90,849,100,grass
EPOD,DAJTKI K/OLSZTYNA,PL,airfield_civil,53.77383000,20.41389000,130,27L,270,849,100,grass
EPOD,DAJTKI K/OLSZTYNA,PL,airfield_civil,53.77383000,20.41389000,130,09L,90,850,23,asphalt
EPOD,DAJTKI K/OLSZTYNA,PL,airfield_civil,53.77383000,20.41389000,130,27R,270,850,23,asphalt
EPDA,DARŁOWO,PL,military,54.40472000,16.35306000,3,04,43,600,30,asphalt
EPDA,DARŁOWO,PL,military,54.40472000,16.35306000,3,22,223,600,30,asphalt
EPDE,DĘBLIN,PL,military,51.55111000,21.89194000,120,12,121,2500,60,concrete
EPDE,DĘBLIN,PL,military,51.55111000,21.89194000,120,30,301,2500,60,concrete
,DĘBNO-DARGOMYŚL,PL,airfield_civil,52.72000000,14.62917000,52,04,45,525,30,grass
,DĘBNO-DARGOMYŚL,PL,airfield_civil,52.72000000,14.62917000,52,22,225,525,30,grass
EPDK,DĘBOWA KŁODA,PL,airfield_civil,51.61250000,23.00694000,146,01,12,922,30,grass
EPDK,DĘBOWA KŁODA,PL,airfield_civil,51.61250000,23.00694000,146,19,192,922,30,grass
EPDB,DĘBRZNO,PL,airfield_civil,53.52389000,17.25694000,155,07,67,2500,60,asphalt
EPDB,DĘBRZNO,PL,airfield_civil,53.52389000,17.25694000,155,25,247,2500,60,asphalt
EPCD,DEPUŁTYCZE KRÓLEWSKIE,PL,airfield_civil,51.08278000,23.43844000,225,01R,7,850,50,grass
EPCD,DEPUŁTYCZE KRÓLEWSKIE,PL,airfield_civil,51.08278000,23.43844000,225,19L,187,850,50,grass
EPCD,DEPUŁTYCZE KRÓLEWSKIE,PL,airfield_civil,51.08278000,23.43844000,225,01L,7,720,50,grass
EPCD,DEPUŁTYCZE KRÓLEWSKIE,PL,airfield_civil,51.08278000,23.43844000,225,19R,187,720,50,grass
,DONIMIERZ,PL,airfield_civil,54.48667000,18.16722000,176,10,95,400,25,grass
,DONIMIERZ,PL,airfield_civil,54.48667000,18.16722000,176,28,275,400,25,grass
EPDR,DRAWSKO POMORSKIE,PL,closed,53.47750000,15.73111000,122,12,121,2300,28,concrete
EPDR,DRAWSKO POMORSKIE,PL,closed,53.47750000,15.73111000,122,30,301,2300,28,concrete
,DRAHIMEK,PL,airfield_civil,53.61500000,16.18556000,136,15,149,680,60,grass
,DRAHIMEK,PL,airfield_civil,53.61500000,16.18556000,136,33,329,680,60,grass
,DRAHIMEK,PL,airfield_civil,53.61500000,16.18556000,136,09,86,450,60,grass
,DRAHIMEK,PL,airfield_civil,53.61500000,16.18556000,136,27,266,450,60,grass
,DZIAŁYŃ,PL,airfield_civil,52.60389000,17.47694000,112,10,104,800,50,grass
,DZIAŁYŃ,PL,airfield_civil,52.60389000,17.47694000,112,28,284,800,50,grass
EPEL,ELBLĄG,PL,airfield_civil,54.14089000,19.42335000,3,10,100,700,50,grass
EPEL,ELBLĄG,PL,airfield_civil,54.14089000,19.42335000,3,28,280,700,50,grass
EPEL,ELBLĄG,PL,airfield_civil,54.14089000,19.42335000,3,08,76,913,100,grass
EPEL,ELBLĄG,PL,airfield_civil,54.14089000,19.42335000,3,26,256,913,100,grass
EPEK,EŁK-MAKOSIEJE,PL,airfield_civil,53.80722000,22.54083000,122,04,40,463,30,grass
EPEK,EŁK-MAKOSIEJE,PL,airfield_civil,53.80722000,22.54083000,122,22,220,463,30,grass
EPFP,FOLWARK-PIASKI,PL,airfield_civil,52.47944000,17.76833000,118,14,145,450,32,grass
EPFP,FOLWARK-PIASKI,PL,airfield_civil,52.47944000,17.76833000,118,32,325,450,32,grass
EPGM,GIŻYCKO-MAZURY RESIDENCE,PL,airfield_civil,54.00556000,21.82139000,125,11,110,860,50,grass
EPGM,GIŻYCKO-MAZURY RESIDENCE,PL,airfield_civil,54.00556000,21.82139000,125,29,290,860,50,grass
EPGL,GLIWICE,PL,airfield_civil,50.26739000,18.67278000,257,08L,87,700,100,grass
EPGL,GLIWICE,PL,airfield_civil,50.26739000,18.67278000,257,26R,267,700,100,grass
EPGL,GLIWICE,PL,airfield_civil,50.26739000,18.67278000,257,08R,87,900,23,asphalt
EPGL,GLIWICE,PL,airfield_civil,50.26739000,18.67278000,257,26L,267,900,23,asphalt
EPGL,GLIWICE,PL,airfield_civil,50.26739000,18.67278000,257,10,103,680,100,grass
EPGL,GLIWICE,PL,airfield_civil,50.26739000,18.67278000,257,28,283,680,100,grass
EPGD,GDAŃSK IM. LECHA WAŁESY,PL,international,54.37667000,18.46972000,135,11,113,2800,45,concrete
EPGD,GDAŃSK IM. LECHA WAŁESY,PL,international,54.37667000,18.46972000,135,29,293,2800,45,concrete
EPGE,GIŻE,PL,airfield_civil,53.98333000,22.40222000,152,13,136,780,50,grass
EPGE,GIŻE,PL,airfield_civil,53.98333000,22.40222000,152,31,316,780,50,grass
,GNIEWSKIE POLE,PL,airfield_civil,53.79056000,18.86222000,11,03,34,250,20,grass
,GNIEWSKIE POLE,PL,airfield_civil,53.79056000,18.86222000,11,21,214,250,20,grass
,GOCZAŁKOWICE,PL,airfield_civil,49.95222000,18.94194000,265,08,76,545,15,grass
,GOCZAŁKOWICE,PL,airfield_civil,49.95222000,18.94194000,265,26,256,545,15,grass
,GOLĘDZINÓW,PL,airfield_civil,51.26278000,16.92139000,139,10,100,500,20,grass
,GOLĘDZINÓW,PL,airfield_civil,51.26278000,16.92139000,139,28,280,500,20,grass
,GOLĘDZINÓW,PL,airfield_civil,51.26278000,16.92139000,139,08,80,500,30,grass
,GOLĘDZINÓW,PL,airfield_civil,51.26278000,16.92139000,139,26,260,500,30,grass
,GÓRKI,PL,airfield_civil,50.37250000,21.28972000,157,16,155,690,34,grass
,GÓRKI,PL,airfield_civil,50.37250000,21.28972000,157,34,335,690,34,grass
,GÓROWO IŁAWIECKIE,PL,airfield_civil,54.27500000,20.49444000,110,04,40,350,10,grass
,GÓROWO IŁAWIECKIE,PL,airfield_civil,54.27500000,20.49444000,110,22,220,350,10,grass
EPRG,GOTARTOWICE K/RYBNIKA,PL,airfield_civil,50.07056000,18.62889000,255,12,116,590,100,grass
EPRG,GOTARTOWICE K/RYBNIKA,PL,airfield_civil,50.07056000,18.62889000,255,30,296,590,100,grass
EPRG,GOTARTOWICE K/RYBNIKA,PL,airfield_civil,50.07056000,18.62889000,255,09,86,600,100,grass
EPRG,GOTARTOWICE K/RYBNIKA,PL,airfield_civil,50.07056000,18.62889000,255,27,266,600,100,grass
,GRABOWIEC,PL,ultralight,51.90139000,15.27028000,101,12,118,700,25,grass
,GRABOWIEC,PL,ultralight,51.90139000,15.27028000,101,30,298,700,25,grass
,GOZDNICA,PL,ultralight,51.46056000,15.10583000,137,12,122,800,25,grass
,GOZDNICA,PL,ultralight,51.46056000,15.10583000,137,30,302,800,25,grass
,GOZDNICA,PL,ultralight,51.46056000,15.10583000,137,04,39,1000,25,grass
,GOZDNICA,PL,ultralight,51.46056000,15.10583000,137,22,219,1000,25,grass
,GRĘBISZEW,PL,ultralight,52.11778000,21.51111000,134,02,19,427,45,grass
,GRĘBISZEW,PL,ultralight,52.11778000,21.51111000,134,20,199,427,45,grass
EPGY,GRĄDY,PL,airfield_civil,52.83698000,21.77764000,124,09,90,804,24,asphalt
EPGY,GRĄDY,PL,airfield_civil,52.83698000,21.77764000,124,27,270,804,24,asphalt
,GRÓJEC-SŁOMCZYN,PL,airfield_civil,51.85056000,20.93639000,141,12,123,800,50,grass
,GRÓJEC-SŁOMCZYN,PL,airfield_civil,51.85056000,20.93639000,141,30,303,800,50,grass
EPGR,GRYŹLINY,PL,airfield_civil,53.60821000,20.34920000,156,12,119,800,60,grass
EPGR,GRYŹLINY,PL,airfield_civil,53.60821000,20.34920000,156,30,299,800,60,grass
EPCH,HAJNÓWKA-CZYŻE,PL,airfield_civil,52.78444000,23.43083000,155,09,90,650,30,grass
EPCH,HAJNÓWKA-CZYŻE,PL,airfield_civil,52.78444000,23.43083000,155,27,270,650,30,grass
,HERBURTOWO,PL,airfield_civil,52.90222000,16.12944000,40,09,87,1100,90,grass
,HERBURTOWO,PL,airfield_civil,52.90222000,16.12944000,40,27,267,1100,90,grass
EPIR,INOWROCŁAW,PL,military,52.82833000,18.33028000,85,05,52,2000,60,grass
EPIR,INOWROCŁAW,PL,military,52.82833000,18.33028000,85,23,232,2000,60,grass
EPIW,IWONICZ,PL,closed,49.65791000,21.81741000,297,11,117,949,30,asphalt
EPIW,IWONICZ,PL,closed,49.65791000,21.81741000,297,29,297,949,30,asphalt
,JARYSZEWO,PL,airfield_civil,52.69278000,16.60667000,61,11,107,1040,62,grass
,JARYSZEWO,PL,airfield_civil,52.69278000,16.60667000,61,29,287,1040,62,grass
,JASTARNIA,PL,airfield_civil,54.71083000,18.64389000,3,12,121,660,34,grass
,JASTARNIA,PL,airfield_civil,54.71083000,18.64389000,3,30,301,660,34,grass
EPIN,INOWROCŁAW,PL,airfield_civil,52.80634000,18.28579000,85,13,134,690,100,grass
EPIN,INOWROCŁAW,PL,airfield_civil,52.80634000,18.28579000,85,31,314,690,100,grass
EPIN,INOWROCŁAW,PL,airfield_civil,52.80634000,18.28579000,85,18,4,390,100,grass
EPIN,INOWROCŁAW,PL,airfield_civil,52.80634000,18.28579000,85,36,184,390,100,grass
EPIN,INOWROCŁAW,PL,airfield_civil,52.80634000,18.28579000,85,08,78,760,100,grass
EPIN,INOWROCŁAW,PL,airfield_civil,52.80634000,18.28579000,85,26,258,760,100,grass
,JASŁO,PL,airfield_civil,49.75278000,21.51167000,226,08,83,400,25,grass
,JASŁO,PL,airfield_civil,49.75278000,21.51167000,226,26,263,400,25,grass
,KADŁUBIA,PL,ultralight,51.65778000,15.16639000,155,11,110,242,20,grass
,KADŁUBIA,PL,ultralight,51.65778000,15.16639000,155,29,290,242,20,grass
EPJG,JELENIA GÓRA,PL,airfield_civil,50.89883000,15.78551000,342,11L,109,850,50,grass
EPJG,JELENIA GÓRA,PL,airfield_civil,50.89883000,15.78551000,342,29R,289,850,50,grass
EPJG,JELENIA GÓRA,PL,airfield_civil,50.89883000,15.78551000,342,11R,109,620,70,grass
EPJG,JELENIA GÓRA,PL,airfield_civil,50.89883000,15.78551000,342,29L,289,620,70,grass
EPJS,JEŻÓW SUDECKI,PL,airfield_civil,50.94417000,15.76694000,537,14L,136,150,50,grass
EPJS,JEŻÓW SUDECKI,PL,airfield_civil,50.94417000,15.76694000,537,32R,316,150,50,grass
EPJS,JEŻÓW SUDECKI,PL,airfield_civil,50.94417000,15.76694000,537,17,167,101,4,grass
EPJS,JEŻÓW SUDECKI,PL,airfield_civil,50.94417000,15.76694000,537,18,2,280,50,grass
EPJS,JEŻÓW SUDECKI,PL,airfield_civil,50.94417000,15.76694000,537,36,182,280,50,grass
EPJS,JEŻÓW SUDECKI,PL,airfield_civil,50.94417000,15.76694000,537,09,93,330,50,grass
EPJS,JEŻÓW SUDECKI,PL,airfield_civil,50.94417000,15.76694000,537,27,273,330,50,grass
EPPG,KĄKOLEWO,PL,airfield_civil,52.23500000,16.24111000,91,10L,101,2300,30,concrete
EPPG,KĄKOLEWO,PL,airfield_civil,52.23500000,16.24111000,91,28R,281,2300,30,concrete
EPPG,KĄKOLEWO,PL,airfield_civil,52.23500000,16.24111000,91,10R,101,1190,100,grass
EPPG,KĄKOLEWO,PL,airfield_civil,52.23500000,16.24111000,91,28L,281,1190,100,grass
,KAMIONNA,PL,ultralight,52.55306000,15.94639000,71,03,32,500,30,grass
,KAMIONNA,PL,ultralight,52.55306000,15.94639000,71,21,212,500,30,grass
EPKW,KANIÓW,PL,airfield_civil,49.94167000,19.01944000,254,13,128,947,24,asphalt
EPKW,KANIÓW,PL,airfield_civil,49.94167000,19.01944000,254,31,308,947,24,asphalt
EPKT,KATOWICE/PYRZOWICE,PL,ifr,50.47603000,19.08000000,276,08,90,3200,45,concrete
EPKT,KATOWICE/PYRZOWICE,PL,ifr,50.47603000,19.08000000,276,26,270,3200,45,concrete
EPKM,KATOWICE MUCHOWIEC,PL,airfield_civil,50.23830000,19.03398000,277,05L,46,1069,30,concrete
EPKM,KATOWICE MUCHOWIEC,PL,airfield_civil,50.23830000,19.03398000,277,23R,226,1070,30,concrete
EPKM,KATOWICE MUCHOWIEC,PL,airfield_civil,50.23830000,19.03398000,277,05R,46,600,60,grass
EPKM,KATOWICE MUCHOWIEC,PL,airfield_civil,50.23830000,19.03398000,277,23L,226,600,60,grass
EPKM,KATOWICE MUCHOWIEC,PL,airfield_civil,50.23830000,19.03398000,277,07,70,480,80,grass
EPKM,KATOWICE MUCHOWIEC,PL,airfield_civil,50.23830000,19.03398000,277,25,250,480,80,grass
EPKB,KAZIMIERZ BISKUPI,PL,airfield_civil,52.31917000,18.16694000,110,09,90,900,200,grass
EPKB,KAZIMIERZ BISKUPI,PL,airfield_civil,52.31917000,18.16694000,110,27,270,900,200,grass
EPKB,KAZIMIERZ BISKUPI,PL,airfield_civil,52.31917000,18.16694000,110,09,90,629,26,asphalt
EPKB,KAZIMIERZ BISKUPI,PL,airfield_civil,52.31917000,18.16694000,110,27,270,629,26,asphalt
,KĘPNO,PL,airfield_civil,51.32194000,17.97222000,189,13,132,536,25,grass
,KĘPNO,PL,airfield_civil,51.32194000,17.97222000,189,31,312,536,25,grass
EPKE,KĘTRZYN,PL,airfield_civil,54.04722000,21.42611000,137,15,150,1105,50,grass
EPKE,KĘTRZYN,PL,airfield_civil,54.04722000,21.42611000,137,33,330,1105,50,grass
EPKE,KĘTRZYN,PL,airfield_civil,54.04722000,21.42611000,137,07,65,500,50,grass
EPKE,KĘTRZYN,PL,airfield_civil,54.04722000,21.42611000,137,25,245,500,50,grass
,KOŁBIEL-SKORUPY,PL,airfield_civil,52.05528000,21.42861000,126,18,175,508,15,grass
,KOŁBIEL-SKORUPY,PL,airfield_civil,52.05528000,21.42861000,126,36,355,508,15,grass
EPKI,KIKITY,PL,airfield_civil,53.98306000,20.87722000,172,11,107,800,35,grass
EPKI,KIKITY,PL,airfield_civil,53.98306000,20.87722000,172,29,287,800,35,grass
,KONOPKI,PL,airfield_civil,52.98861000,20.50778000,122,15,145,818,35,grass
,KONOPKI,PL,airfield_civil,52.98861000,20.50778000,122,33,325,818,35,grass
,KLESZCZEWO,PL,airfield_civil,54.20972000,18.52500000,127,04,40,240,30,grass
,KLESZCZEWO,PL,airfield_civil,54.20972000,18.52500000,127,22,220,240,30,grass
EPKD,KOŃSKIE-KOMASZYCE,PL,airfield_civil,51.25528000,20.47111000,258,09,88,600,30,grass
EPKD,KOŃSKIE-KOMASZYCE,PL,airfield_civil,51.25528000,20.47111000,258,27,268,600,30,grass
EPKO,KORNE,PL,airfield_civil,54.12972000,17.84528000,163,10,102,400,30,grass
EPKO,KORNE,PL,airfield_civil,54.12972000,17.84528000,163,28,282,400,30,grass
EPKO,KORNE,PL,airfield_civil,54.12972000,17.84528000,163,06,63,550,50,grass
EPKO,KORNE,PL,airfield_civil,54.12972000,17.84528000,163,24,243,550,50,grass
,KONSTANCIN-JEZIORNA,PL,airfield_civil,52.07611000,21.18778000,79,12,120,770,40,grass
,KONSTANCIN-JEZIORNA,PL,airfield_civil,52.07611000,21.18778000,79,30,300,770,40,grass
,KOŚLINKA,PL,ultralight,53.96306000,19.08167000,38,03,31,280,50,grass
,KOŚLINKA,PL,ultralight,53.96306000,19.08167000,38,20,211,280,50,grass
,KOSZALIN / ZEGRZE POMORSKIE,PL,closed,54.04222000,16.26361000,69,07L,65,900,60,grass
,KOSZALIN / ZEGRZE POMORSKIE,PL,closed,54.04222000,16.26361000,69,25R,245,900,60,grass
,KOSZALIN / ZEGRZE POMORSKIE,PL,closed,54.04222000,16.26361000,69,07R,65,2500,60,concrete
,KOSZALIN / ZEGRZE POMORSKIE,PL,closed,54.04222000,16.26361000,69,25L,245,2500,60,concrete
EPKK,KRAKÓW/BALICE,PL,international,50.07778000,19.78472000,241,07,78,2550,60,concrete
EPKK,KRAKÓW/BALICE,PL,international,50.07778000,19.78472000,241,25,258,2550,60,concrete
EPKL,KRASOCIN,PL,airfield_civil,50.89944000,20.12667000,250,13,130,1075,35,grass
EPKL,KRASOCIN,PL,airfield_civil,50.89944000,20.12667000,250,31,310,1075,35,grass
EPKC,KRAKÓW-CZYŻYNY,PL,airfield_civil,50.08421000,19.99083000,218,10,104,735,30,concrete
EPKC,KRAKÓW-CZYŻYNY,PL,airfield_civil,50.08421000,19.99083000,218,28,284,735,30,concrete
,KRĄPLEWICE,PL,airfield_civil,53.51278000,18.42500000,85,10,95,355,15,grass
,KRĄPLEWICE,PL,airfield_civil,53.51278000,18.42500000,85,28,275,355,15,grass
,KREPSKO,PL,airfield_civil,53.25056000,16.75194000,70,14,140,850,70,grass
,KREPSKO,PL,airfield_civil,53.25056000,16.75194000,70,32,320,850,70,grass
EPSK,KRĘPA K/SLUPSKA,PL,airfield_civil,54.40944000,17.09417000,77,10,101,1250,50,grass
EPSK,KRĘPA K/SLUPSKA,PL,airfield_civil,54.40944000,17.09417000,77,28,281,1250,50,grass
EPSK,KRĘPA K/SLUPSKA,PL,airfield_civil,54.40944000,17.09417000,77,02,18,600,50,grass
EPSK,KRĘPA K/SLUPSKA,PL,airfield_civil,54.40944000,17.09417000,77,20,198,600,50,grass
EPKR,KROSNO,PL,airfield_civil,49.68111000,21.73667000,280,11R,107,1100,30,concrete
EPKR,KROSNO,PL,airfield_civil,49.68111000,21.73667000,280,29L,287,1100,30,concrete
EPKR,KROSNO,PL,airfield_civil,49.68111000,21.73667000,280,11L,107,1035,100,grass
EPKR,KROSNO,PL,airfield_civil,49.68111000,21.73667000,280,29R,287,1035,100,grass
EPKR,KROSNO,PL,airfield_civil,49.68111000,21.73667000,280,16,157,730,100,grass
EPKR,KROSNO,PL,airfield_civil,49.68111000,21.73667000,280,34,337,730,100,grass
EPWK,KRUSZYN K/WOCŁAWKA,PL,airfield_civil,52.58462000,19.01250000,66,08L,81,1000,71,grass
EPWK,KRUSZYN K/WOCŁAWKA,PL,airfield_civil,52.58462000,19.01250000,66,26R,261,1000,70,grass
EPWK,KRUSZYN K/WOCŁAWKA,PL,airfield_civil,52.58462000,19.01250000,66,08R,81,1000,80,grass
EPWK,KRUSZYN K/WOCŁAWKA,PL,airfield_civil,52.58462000,19.01250000,66,26L,261,1000,80,grass
,KRZESZYCE,PL,airfield_civil,52.59972000,14.99528000,9,02,23,320,25,grass
,KRZESZYCE,PL,airfield_civil,52.59972000,14.99528000,9,20,203,320,25,grass
,KRYNICE KOLONIA,PL,airfield_civil,53.23111000,23.04500000,177,11,113,521,20,grass
,KRYNICE KOLONIA,PL,airfield_civil,53.23111000,23.04500000,177,29,293,521,20,grass
,KRYNICE KOLONIA,PL,airfield_civil,53.23111000,23.04500000,177,18,2,315,30,grass
,KRYNICE KOLONIA,PL,airfield_civil,53.23111000,23.04500000,177,36,182,315,30,grass
,KRZYWA,PL,airfield_civil,51.31028000,15.72722000,204,10,100,2450,60,concrete
,KRZYWA,PL,airfield_civil,51.31028000,15.72722000,204,28,280,2450,60,concrete
,KUCZYN,PL,airfield_civil,52.72194000,22.52194000,121,16,156,686,18,grass
,KUCZYN,PL,airfield_civil,52.72194000,22.52194000,121,34,336,686,18,grass
EPKU,KUKAŁY,PL,airfield_civil,51.87528000,21.00306000,129,17,169,700,45,grass
EPKU,KUKAŁY,PL,airfield_civil,51.87528000,21.00306000,129,35,349,700,45,grass
,KURNATOWICE,PL,airfield_civil,52.59194000,16.08694000,85,18,180,380,30,grass
,KURNATOWICE,PL,airfield_civil,52.59194000,16.08694000,85,36,360,380,30,grass
,KUŹNIA RACIBORSKA,PL,airfield_civil,50.22139000,18.32556000,195,09,87,650,25,grass
,KUŹNIA RACIBORSKA,PL,airfield_civil,50.22139000,18.32556000,195,27,267,650,25,grass
EPSL,LĄDOWISKO ŚWIDNIK,PL,airfield_civil,51.23194000,22.69028000,196,06,55,700,50,grass
EPSL,LĄDOWISKO ŚWIDNIK,PL,airfield_civil,51.23194000,22.69028000,196,24,235,700,50,grass
EPLK,ŁASK,PL,military,51.55167000,19.17917000,195,10,107,3000,60,concrete
EPLK,ŁASK,PL,military,51.55167000,19.17917000,195,28,287,3000,60,concrete
EPJL,LASZKI,PL,airfield_civil,50.00833000,22.91833000,187,08,77,800,80,grass
EPJL,LASZKI,PL,airfield_civil,50.00833000,22.91833000,187,26,257,800,80,grass
EPLD,LDZAŃ,PL,airfield_civil,51.59000000,19.25500000,183,06,58,1100,30,grass
EPLD,LDZAŃ,PL,airfield_civil,51.59000000,19.25500000,183,24,238,1100,30,grass
EPLY,ŁĘCZYCA,PL,military,52.00500000,19.14389000,123,10,104,2500,60,asphalt
EPLY,ŁĘCZYCA,PL,military,52.00500000,19.14389000,123,28,284,2500,60,asphalt
,LEWICKIE,PL,airfield_civil,53.02917000,23.13472000,131,04,39,500,20,grass
,LEWICKIE,PL,airfield_civil,53.02917000,23.13472000,131,22,219,500,20,grass
EPLI,LINOWIEC,PL,airfield_civil,54.00806000,18.49972000,107,09,88,400,42,grass
EPLI,LINOWIEC,PL,airfield_civil,54.00806000,18.49972000,107,27,268,400,42,grass
,LGOTA MUROWANA,PL,airfield_civil,50.52639000,19.56000000,366,09,92,457,30,grass
,LGOTA MUROWANA,PL,airfield_civil,50.52639000,19.56000000,366,27,272,457,30,grass
,LIPKI WIELKIE,PL,airfield_civil,52.71583000,15.51083000,41,05,48,760,25,asphalt
,LIPKI WIELKIE,PL,airfield_civil,52.71583000,15.51083000,41,23,228,760,25,asphalt
,LISY,PL,airfield_civil,54.22139000,22.04778000,128,04,37,455,18,grass
,LISY,PL,airfield_civil,54.22139000,22.04778000,128,22,217,455,18,grass
,LISEWO,PL,airfield_civil,52.60667000,20.42833000,110,17,173,440,25,grass
,LISEWO,PL,airfield_civil,52.60667000,20.42833000,110,35,353,440,25,grass
,ŁOBEZ,PL,airfield_civil,53.60889000,15.68889000,96,13,132,800,60,grass
,ŁOBEZ,PL,airfield_civil,53.60889000,15.68889000,96,32,312,800,60,grass
EPGI,LISIE KĄTY,PL,airfield_civil,53.52442000,18.84933000,35,13,130,1060,200,grass
EPGI,LISIE KĄTY,PL,airfield_civil,53.52442000,18.84933000,35,31,310,1060,200,grass
EPLL,ŁÓDŹ,PL,ifr,51.71990000,19.38889000,177,07L,71,2500,45,asphalt
EPLL,ŁÓDŹ,PL,ifr,51.71990000,19.38889000,177,25R,251,2500,45,asphalt
EPLL,ŁÓDŹ,PL,ifr,51.71990000,19.38889000,177,07R,71,700,175,grass
EPLL,ŁÓDŹ,PL,ifr,51.71990000,19.38889000,177,25L,251,700,175,grass
,LIW KRYPY,PL,airfield_civil,52.38806000,21.98861000,119,18,180,365,50,grass
,LIW KRYPY,PL,airfield_civil,52.38806000,21.98861000,119,36,360,365,50,grass
,LIW KRYPY,PL,airfield_civil,52.38806000,21.98861000,119,06,65,220,12,grass
,LIW KRYPY,PL,airfield_civil,52.38806000,21.98861000,119,24,245,220,12,grass
,LIW JARNICE,PL,airfield_civil,52.36222000,21.98333000,117,17,167,320,25,grass
,LIW JARNICE,PL,airfield_civil,52.36222000,21.98333000,117,35,347,320,25,grass
,ŁOMŻA,PL,airfield_civil,53.17917000,22.09389000,91,09,121,315,40,grass
,ŁOMŻA,PL,airfield_civil,53.17917000,22.09389000,91,27,301,315,40,grass
EPNL,ŁOSOSINA DOLNA K/NOWEGO SĄCZA,PL,airfield_civil,49.74528000,20.62333000,254,04,37,830,60,grass
EPNL,ŁOSOSINA DOLNA K/NOWEGO SĄCZA,PL,airfield_civil,49.74528000,20.62333000,254,22,217,830,60,grass
EPLU,LUBIN,PL,airfield_civil,51.42301000,16.19616000,156,11,114,900,100,grass
EPLU,LUBIN,PL,airfield_civil,51.42301000,16.19616000,156,29,294,900,100,grass
EPLU,LUBIN,PL,airfield_civil,51.42301000,16.19616000,156,13L,127,1000,30,asphalt
EPLU,LUBIN,PL,airfield_civil,51.42301000,16.19616000,156,31R,307,1000,30,asphalt
EPLU,LUBIN,PL,airfield_civil,51.42301000,16.19616000,156,13R,127,850,100,grass
EPLU,LUBIN,PL,airfield_civil,51.42301000,16.19616000,156,31L,307,850,100,grass
,ŁUKÓW-GRĘZÓWKA,PL,airfield_civil,51.99389000,22.32222000,168,02,17,750,100,grass
,ŁUKÓW-GRĘZÓWKA,PL,airfield_civil,51.99389000,22.32222000,168,20,197,750,100,grass
,MAJDAN NOWY 1,PL,airfield_civil,50.46000000,22.74667000,201,02,16,1384,26,grass
,MAJDAN NOWY 1,PL,airfield_civil,50.46000000,22.74667000,201,20,196,1384,26,grass
,MAJDAN NOWY 2,PL,ultralight,50.46167000,22.76389000,213,02,15,200,40,grass
,MAJDAN NOWY 2,PL,ultralight,50.46167000,22.76389000,213,20,195,200,40,grass
EPLB,LUBLIN,PL,ifr,51.24028000,22.71361000,206,07,77,2520,45,asphalt
EPLB,LUBLIN,PL,ifr,51.24028000,22.71361000,206,25,257,2520,45,asphalt
,MAJORY,PL,airfield_civil,51.43167000,18.05833000,151,09,86,405,40,grass
,MAJORY,PL,airfield_civil,51.43167000,18.05833000,151,27,266,405,40,grass
EPMB,MALBORK,PL,military,54.02667000,19.13556000,6,07,79,2500,50,concrete
EPMB,MALBORK,PL,military,54.02667000,19.13556000,6,25,259,2500,50,concrete
,MAKOWICE,PL,airfield_civil,53.76056000,15.29028000,35,11,109,1640,30,asphalt
,MAKOWICE,PL,airfield_civil,53.76056000,15.29028000,35,29,289,1640,30,asphalt
,MARIANKA,PL,ultralight,51.75806000,14.73972000,75,12,123,900,60,grass
,MARIANKA,PL,ultralight,51.75806000,14.73972000,75,30,303,900,60,grass
EPKA,MASLOW K/KIELC,PL,airfield_civil,50.89682000,20.73156000,293,11R,106,1040,30,asphalt
EPKA,MASLOW K/KIELC,PL,airfield_civil,50.89682000,20.73156000,293,29L,286,1040,30,asphalt
EPKA,MASLOW K/KIELC,PL,airfield_civil,50.89682000,20.73156000,293,11L,106,900,200,grass
EPKA,MASLOW K/KIELC,PL,airfield_civil,50.89682000,20.73156000,293,29R,286,900,200,grass
EPOM,MICHALKOW K/OSTROWA WLKP.,PL,airfield_civil,51.70248000,17.84681000,145,11L,105,960,265,grass
EPOM,MICHALKOW K/OSTROWA WLKP.,PL,airfield_civil,51.70248000,17.84681000,145,29R,285,960,265,grass
EPOM,MICHALKOW K/OSTROWA WLKP.,PL,airfield_civil,51.70248000,17.84681000,145,11R,109,960,50,grass
EPOM,MICHALKOW K/OSTROWA WLKP.,PL,airfield_civil,51.70248000,17.84681000,145,29L,289,960,50,grass
,MIEDZYRZEC PODLASKI,PL,airfield_civil,52.01750000,22.73417000,152,04,40,513,28,grass
,MIEDZYRZEC PODLASKI,PL,airfield_civil,52.01750000,22.73417000,152,22,220,513,28,grass
,MIEDZYRZECZ 2,PL,airfield_civil,52.41917000,15.58056000,50,18,1,200,25,grass
,MIEDZYRZECZ 2,PL,airfield_civil,52.41917000,15.58056000,50,36,181,200,25,grass
,MIEDZYRZECZ 2,PL,airfield_civil,52.41917000,15.58056000,50,13,129,260,25,grass
,MIEDZYRZECZ 2,PL,airfield_civil,52.41917000,15.58056000,50,31,309,260,25,grass
,MIEDZYRZECZ 2,PL,airfield_civil,52.41917000,15.58056000,50,06,62,330,25,grass
,MIEDZYRZECZ 2,PL,airfield_civil,52.41917000,15.58056000,50,24,242,330,25,grass
,MIEDZYRZECZ 1,PL,closed,52.44139000,15.61972000,50,10,100,500,28,grass
,MIEDZYRZECZ 1,PL,closed,52.44139000,15.61972000,50,28,280,500,28,grass
,MIEROSZOW,PL,airfield_civil,50.66778000,16.20222000,519,08,80,450,40,grass
,MIEROSZOW,PL,airfield_civil,50.66778000,16.20222000,519,26,260,450,40,grass
EPML,MIELEC,PL,airfield_civil,50.32228000,21.46213000,167,17,174,657,25,asphalt
EPML,MIELEC,PL,airfield_civil,50.32228000,21.46213000,167,35,354,657,25,asphalt
EPML,MIELEC,PL,airfield_civil,50.32228000,21.46213000,167,08R,84,2492,45,asphalt
EPML,MIELEC,PL,airfield_civil,50.32228000,21.46213000,167,26L,264,2492,45,asphalt
EPML,MIELEC,PL,airfield_civil,50.32228000,21.46213000,167,08L,84,550,60,grass
EPML,MIELEC,PL,airfield_civil,50.32228000,21.46213000,167,26R,264,550,60,grass
EPMM,MINSK MAZOWIECKI,PL,military,52.19556000,21.65583000,168,09,90,2500,80,concrete
EPMM,MINSK MAZOWIECKI,PL,military,52.19556000,21.65583000,168,27,270,2500,80,concrete
EPMR,MIROSLAWICE,PL,airfield_civil,50.95917000,16.77028000,151,17,170,845,50,grass
EPMR,MIROSLAWICE,PL,airfield_civil,50.95917000,16.77028000,151,35,350,845,50,grass
EPMR,MIROSLAWICE,PL,airfield_civil,50.95917000,16.77028000,151,09L,88,570,50,grass
EPMR,MIROSLAWICE,PL,airfield_civil,50.95917000,16.77028000,151,27R,268,570,50,grass
EPMR,MIROSLAWICE,PL,airfield_civil,50.95917000,16.77028000,151,09R,88,515,50,grass
EPMR,MIROSLAWICE,PL,airfield_civil,50.95917000,16.77028000,151,27L,268,515,50,grass
EPMX,MILEWO,PL,airfield_civil,52.66667000,20.42861000,101,18,179,550,35,grass
EPMX,MILEWO,PL,airfield_civil,52.66667000,20.42861000,101,36,359,550,35,grass
EPMI,MIROSLAWIEC,PL,military,53.39500000,16.08278000,151,12,125,2500,45,concrete
EPMI,MIROSLAWIEC,PL,military,53.39500000,16.08278000,151,30,305,2500,45,concrete
,MOLENDY,PL,airfield_civil,51.51500000,21.61306000,128,18R,179,970,19,grass
,MOLENDY,PL,airfield_civil,51.51500000,21.61306000,128,36L,359,970,19,grass
,MOLENDY,PL,airfield_civil,51.51500000,21.61306000,128,18L,179,902,37,grass
,MOLENDY,PL,airfield_civil,51.51500000,21.61306000,128,36R,359,902,37,grass
EPMG,MRAGOWO,PL,airfield_civil,53.82500000,21.31833000,149,03,35,698,50,grass
EPMG,MRAGOWO,PL,airfield_civil,53.82500000,21.31833000,149,21,215,698,50,grass
,MOSTKI,PL,airfield_civil,52.27111000,15.37222000,104,11,113,900,100,grass
,MOSTKI,PL,airfield_civil,52.27111000,15.37222000,104,29,293,900,100,grass
EPMY,MYSLIBORZ-GIZYN,PL,airfield_civil,52.94111000,15.03000000,66,15,149,920,23,grass
EPMY,MYSLIBORZ-GIZYN,PL,airfield_civil,52.94111000,15.03000000,66,33,329,920,23,grass
,NADRYBIE,PL,airfield_civil,51.35056000,23.02611000,168,04,39,770,54,grass
,NADRYBIE,PL,airfield_civil,51.35056000,23.02611000,168,22,219,770,54,grass
,MYSLECIN,PL,airfield_civil,52.53778000,17.48528000,116,09,90,316,19,grass
,MYSLECIN,PL,airfield_civil,52.53778000,17.48528000,116,27,270,316,19,grass
,NAKLO NAD NOTECIA,PL,airfield_civil,53.14583000,17.55667000,87,11,108,286,15,grass
,NAKLO NAD NOTECIA,PL,airfield_civil,53.14583000,17.55667000,87,29,288,286,15,grass
,NAKLO NAD NOTECIA,PL,airfield_civil,53.14583000,17.55667000,87,14,143,260,30,grass
,NAKLO NAD NOTECIA,PL,airfield_civil,53.14583000,17.55667000,87,32,323,260,30,grass
EPHN,NAREW 2,PL,airfield_civil,52.90778000,23.54306000,135,13,136,975,35,grass
EPHN,NAREW 2,PL,airfield_civil,52.90778000,23.54306000,135,31,316,975,35,grass
,NATOLIN,PL,airfield_civil,51.01611000,18.75444000,241,13,133,632,20,grass
,NATOLIN,PL,airfield_civil,51.01611000,18.75444000,241,31,313,632,20,grass
EPNI,NIEGOWONICZKI,PL,airfield_civil,50.37278000,19.42056000,318,02,22,492,30,grass
EPNI,NIEGOWONICZKI,PL,airfield_civil,50.37278000,19.42056000,318,20,202,492,30,grass
,NOWA WIES,PL,airfield_civil,51.80250000,21.07861000,128,03,27,370,50,grass
,NOWA WIES,PL,airfield_civil,51.80250000,21.07861000,128,21,207,370,50,grass
EPNT,NOWY TARG,PL,airfield_civil,49.46278000,20.05083000,607,12,117,1680,80,grass
EPNT,NOWY TARG,PL,airfield_civil,49.46278000,20.05083000,607,30,297,1680,80,grass
,NOWECIN,PL,airfield_civil,54.74694000,17.60361000,3,07,69,700,60,grass
,NOWECIN,PL,airfield_civil,54.74694000,17.60361000,3,25,249,700,60,grass
,NYSA,PL,ultralight,50.47194000,17.26722000,215,34,344,300,25,grass
,NOWOGROD,PL,airfield_civil,53.24056000,21.71028000,98,02,21,280,35,grass
,NOWOGROD,PL,airfield_civil,53.24056000,21.71028000,98,20,201,280,35,grass
EPNM,NOWE MIASTO,PL,airfield_civil,51.62778000,20.53750000,158,08,80,2400,30,concrete
EPNM,NOWE MIASTO,PL,airfield_civil,51.62778000,20.53750000,158,26,260,2400,30,concrete
EPOB,OBORNIKI,PL,airfield_civil,52.66694000,16.77444000,62,11,108,621,62,grass
EPOB,OBORNIKI,PL,airfield_civil,52.66694000,16.77444000,62,29,288,621,62,grass
EPOK,OKSYWIE,PL,military,54.57972000,18.51722000,45,13,136,2500,60,concrete
EPOK,OKSYWIE,PL,military,54.57972000,18.51722000,45,31,316,2500,60,concrete
EPOK,OKSYWIE,PL,military,54.57972000,18.51722000,45,08,88,790,30,asphalt
EPOK,OKSYWIE,PL,military,54.57972000,18.51722000,45,26,268,790,30,asphalt
,OLESZYCE,PL,airfield_civil,50.16972000,23.05889000,229,12,122,720,50,grass
,OLESZYCE,PL,airfield_civil,50.16972000,23.05889000,229,30,302,720,50,grass
EPSY,OLSZTYN-MAZURY,PL,ifr,53.48186000,20.93769000,141,01,19,2500,45,asphalt
EPSY,OLSZTYN-MAZURY,PL,ifr,53.48186000,20.93769000,141,19,199,2500,45,asphalt
,OLESNICA,PL,airfield_civil,51.21472000,17.43833000,159,07,68,2300,28,asphalt
,OLESNICA,PL,airfield_civil,51.21472000,17.43833000,159,25,248,2300,28,asphalt
EPKN,OPOLE KAMIEN SLA,PL,airfield_civil,50.53044000,18.07976000,197,11,110,900,30,asphalt
EPKN,OPOLE KAMIEN SLA,PL,airfield_civil,50.53044000,18.07976000,197,29,290,900,30,asphalt
,OSIEK,PL,airfield_civil,53.18417000,19.39083000,104,01,8,430,25,grass
,OSIEK,PL,airfield_civil,53.18417000,19.39083000,104,19,188,430,25,grass
,PACOLTOWO,PL,airfield_civil,53.53083000,20.15361000,197,07,72,850,30,grass
,PACOLTOWO,PL,airfield_civil,53.53083000,20.15361000,197,25,252,850,30,grass
,PALOWO,PL,airfield_civil,54.44611000,16.81750000,42,15,151,400,50,grass
,PALOWO,PL,airfield_civil,54.44611000,16.81750000,42,33,331,400,50,grass
,PCIN,PL,ultralight,51.27917000,21.56389000,158,06,55,260,35,grass
,PCIN,PL,ultralight,51.27917000,21.56389000,158,24,235,260,35,grass
EPPA,PAWLOWICZKI,PL,airfield_civil,50.24472000,18.02361000,249,03,27,631,44,grass
EPPA,PAWLOWICZKI,PL,airfield_civil,50.24472000,18.02361000,249,21,207,631,44,grass
EPRP,PIASTOW K/RADOMIA,PL,airfield_civil,51.47901000,21.11003000,148,17,171,720,100,grass
EPRP,PIASTOW K/RADOMIA,PL,airfield_civil,51.47901000,21.11003000,148,35,351,720,100,grass
EPRP,PIASTOW K/RADOMIA,PL,airfield_civil,51.47901000,21.11003000,148,05,52,880,100,grass
EPRP,PIASTOW K/RADOMIA,PL,airfield_civil,51.47901000,21.11003000,148,23,232,880,100,grass
EPPI,PILA,PL,airfield_civil,53.16972000,16.71056000,83,03,34,2400,60,concrete
EPPI,PILA,PL,airfield_civil,53.16972000,16.71056000,83,21,214,2400,60,concrete
EPPI,PILA,PL,airfield_civil,53.16972000,16.71056000,83,09,90,650,80,grass
EPPI,PILA,PL,airfield_civil,53.16972000,16.71056000,83,27,270,650,80,grass
,PIENIEZNICA,PL,airfield_civil,53.87167000,17.00306000,159,08,83,1283,50,concrete
,PIENIEZNICA,PL,airfield_civil,53.87167000,17.00306000,159,26,263,1283,50,concrete
,PINCZOW,PL,airfield_civil,50.51806000,20.51472000,186,11,116,684,15,grass
,PINCZOW,PL,airfield_civil,50.51806000,20.51472000,186,29,296,684,15,grass
,PINCZOW,PL,airfield_civil,50.51806000,20.51472000,186,14,145,500,12,grass
,PINCZOW,PL,airfield_civil,50.51806000,20.51472000,186,32,325,500,12,grass
EPPT,PIOTRKOW TRYBUNALSKI,PL,airfield_civil,51.38250000,19.68861000,205,03R,28,860,50,grass
EPPT,PIOTRKOW TRYBUNALSKI,PL,airfield_civil,51.38250000,19.68861000,205,21L,208,860,50,grass
EPPT,PIOTRKOW TRYBUNALSKI,PL,airfield_civil,51.38250000,19.68861000,205,03L,28,950,18,concrete
EPPT,PIOTRKOW TRYBUNALSKI,PL,airfield_civil,51.38250000,19.68861000,205,21R,208,950,18,concrete
,PISZ-ROSTKI,PL,airfield_civil,53.70889000,21.90722000,114,08,78,870,80,grass
,PISZ-ROSTKI,PL,airfield_civil,53.70889000,21.90722000,114,26,258,870,80,grass
EPPL,PLOCK,PL,airfield_civil,52.56194000,19.71972000,102,12,120,730,160,grass
EPPL,PLOCK,PL,airfield_civil,52.56194000,19.71972000,102,30,300,730,160,grass
EPPN,PLONSK-KEPA,PL,airfield_civil,52.72361000,20.42000000,101,04,44,513,25,grass
EPPN,PLONSK-KEPA,PL,airfield_civil,52.72361000,20.42000000,101,22,224,513,25,grass
EPKP,POBIEDNIK K/KRAKOWA,PL,airfield_civil,50.08644000,20.20167000,200,09R,91,1100,50,grass
EPKP,POBIEDNIK K/KRAKOWA,PL,airfield_civil,50.08644000,20.20167000,200,27L,271,1100,50,grass
EPKP,POBIEDNIK K/KRAKOWA,PL,airfield_civil,50.08644000,20.20167000,200,09L,91,980,120,grass
EPKP,POBIEDNIK K/KRAKOWA,PL,airfield_civil,50.08644000,20.20167000,200,27R,271,980,120,grass
,POKRZYWKI,PL,ultralight,53.30722000,19.42278000,108,14,136,285,17,grass
,POKRZYWKI,PL,ultralight,53.30722000,19.42278000,108,32,316,285,17,grass
,POREBA,PL,airfield_civil,50.48778000,19.37667000,324,11,114,500,18,grass
,POREBA,PL,airfield_civil,50.48778000,19.37667000,324,29,294,500,18,grass
EPPW,POWIDZ,PL,military,52.37903000,17.85222000,109,10L,107,2727,30,concrete
EPPW,POWIDZ,PL,military,52.37903000,17.85222000,109,28R,287,2727,30,concrete
EPPW,POWIDZ,PL,military,52.37903000,17.85222000,109,10R,107,3514,60,concrete
EPPW,POWIDZ,PL,military,52.37903000,17.85222000,109,28L,287,3514,60,concrete
,POWODOWO,PL,airfield_civil,52.11722000,16.04750000,59,11,113,584,50,grass
,POWODOWO,PL,airfield_civil,52.11722000,16.04750000,59,29,293,584,50,grass
EPOP,POLSKA NOWA WIES K/OPOLA,PL,airfield_civil,50.63228000,17.78056000,177,12,123,710,280,grass
EPOP,POLSKA NOWA WIES K/OPOLA,PL,airfield_civil,50.63228000,17.78056000,177,30,303,710,280,grass
EPOP,POLSKA NOWA WIES K/OPOLA,PL,airfield_civil,50.63228000,17.78056000,177,07,69,740,200,grass
EPOP,POLSKA NOWA WIES K/OPOLA,PL,airfield_civil,50.63228000,17.78056000,177,25,249,740,200,grass
EPPB,POZNAN/BEDNARY,PL,airfield_civil,52.53461000,17.21721000,107,10,99,840,80,grass
EPPB,POZNAN/BEDNARY,PL,airfield_civil,52.53461000,17.21721000,107,28,279,840,80,grass
EPPB,POZNAN/BEDNARY,PL,airfield_civil,52.53461000,17.21721000,107,10,105,1900,30,concrete
EPPB,POZNAN/BEDNARY,PL,airfield_civil,52.53461000,17.21721000,107,28,285,1900,30,concrete
EPKS,POZNAN/KRZESINY,PL,military,52.33194000,16.96667000,84,11,118,2500,60,concrete
EPKS,POZNAN/KRZESINY,PL,military,52.33194000,16.96667000,84,29,298,2500,60,concrete
EPPR,PRUSZCZ GDANSKI,PL,military,54.24806000,18.67111000,5,09,100,1166,45,asphalt
EPPR,PRUSZCZ GDANSKI,PL,military,54.24806000,18.67111000,5,27,280,1166,45,asphalt
EPPK,POZNAN/KOBYLNICA,PL,airfield_civil,52.43444000,17.04417000,87,06,62,750,50,grass
EPPK,POZNAN/KOBYLNICA,PL,airfield_civil,52.43444000,17.04417000,87,24,242,750,50,grass
EPPK,POZNAN/KOBYLNICA,PL,airfield_civil,52.43444000,17.04417000,87,01,14,550,200,grass
EPPK,POZNAN/KOBYLNICA,PL,airfield_civil,52.43444000,17.04417000,87,19,194,550,200,grass
EPPZ,PRZASNYSZ,PL,airfield_civil,53.01000000,20.93333000,113,11R,113,1097,60,grass
EPPZ,PRZASNYSZ,PL,airfield_civil,53.01000000,20.93333000,113,29L,293,1097,60,grass
EPPZ,PRZASNYSZ,PL,airfield_civil,53.01000000,20.93333000,113,11L,114,1145,50,grass
EPPZ,PRZASNYSZ,PL,airfield_civil,53.01000000,20.93333000,113,29R,294,1145,50,grass
EPPZ,PRZASNYSZ,PL,airfield_civil,53.01000000,20.93333000,113,17,170,1097,60,grass
EPPZ,PRZASNYSZ,PL,airfield_civil,53.01000000,20.93333000,113,35,350,1097,60,grass
EPPZ,PRZASNYSZ,PL,airfield_civil,53.01000000,20.93333000,113,04,45,815,60,grass
EPPZ,PRZASNYSZ,PL,airfield_civil,53.01000000,20.93333000,113,22,225,815,60,grass
EPPO,POZNAN/LAWICA,PL,ifr,52.42111000,16.82639000,94,10,108,2504,50,asphalt
EPPO,POZNAN/LAWICA,PL,ifr,52.42111000,16.82639000,94,28,288,2504,50,asphalt
EPZP,PRZYLEP K/ZIELONEJ GÓRY,PL,airfield_civil,51.97972000,15.46417000,77,06,61,1110,180,grass
EPZP,PRZYLEP K/ZIELONEJ GÓRY,PL,airfield_civil,51.97972000,15.46417000,77,24,241,1110,180,grass
,PRZYTULY,PL,airfield_civil,53.11750000,21.71667000,101,07,68,420,20,grass
,PRZYTULY,PL,airfield_civil,53.11750000,21.71667000,101,25,248,420,20,grass
EPPD,PRZYWIDZ-KATARYNKI,PL,airfield_civil,54.21556000,18.33944000,247,10,97,800,40,grass
EPPD,PRZYWIDZ-KATARYNKI,PL,airfield_civil,54.21556000,18.33944000,247,28,277,800,40,grass
,PRZYBOROW,PL,airfield_civil,51.80167000,15.80167000,62,14,136,800,50,grass
,PRZYBOROW,PL,airfield_civil,51.80167000,15.80167000,62,32,316,800,50,grass
,PRZYBOROW,PL,airfield_civil,51.80167000,15.80167000,62,08,80,800,50,grass
,PRZYBOROW,PL,airfield_civil,51.80167000,15.80167000,62,26,260,800,50,grass
EPLR,RADAWIEC K/LUBLINA,PL,airfield_civil,51.22333000,22.39389000,240,11,113,1300,80,grass
EPLR,RADAWIEC K/LUBLINA,PL,airfield_civil,51.22333000,22.39389000,240,29,293,1300,80,grass
EPLR,RADAWIEC K/LUBLINA,PL,airfield_civil,51.22333000,22.39389000,240,02,24,510,80,grass
EPLR,RADAWIEC K/LUBLINA,PL,airfield_civil,51.22333000,22.39389000,240,20,204,510,80,grass
EPRA,WARSZAWA-RADOM,PL,airport,51.38889000,21.21167000,190,07,75,2000,45,asphalt
EPRA,WARSZAWA-RADOM,PL,airport,51.38889000,21.21167000,190,25,255,2000,45,asphalt
,RADZYN PODLASKI-MARYNIN,PL,airfield_civil,51.74806000,22.62944000,143,10,98,390,30,grass
,RADZYN PODLASKI-MARYNIN,PL,airfield_civil,51.74806000,22.62944000,143,28,278,390,30,grass
,ROSANOW,PL,airfield_civil,51.91056000,19.39972000,163,17,173,300,21,grass
,ROSANOW,PL,airfield_civil,51.91056000,19.39972000,163,35,353,300,21,grass
,ROGOZNO,PL,airfield_civil,53.54806000,18.95528000,75,04,36,300,30,grass
,ROGOZNO,PL,airfield_civil,53.54806000,18.95528000,75,22,216,300,30,grass
,ROZANKI,PL,airfield_civil,52.77222000,15.30722000,71,10,102,680,25,grass
,ROZANKI,PL,airfield_civil,52.77222000,15.30722000,71,28,282,680,25,grass
,REWAL-NINIKOWO,PL,airfield_civil,54.06278000,15.02917000,9,02,25,490,20,grass
,REWAL-NINIKOWO,PL,airfield_civil,54.06278000,15.02917000,9,20,205,490,20,grass
,RUDA KOSCIELNA,PL,airfield_civil,50.95417000,21.53056000,177,09,90,1000,52,grass
,RUDA KOSCIELNA,PL,airfield_civil,50.95417000,21.53056000,177,27,270,1000,52,grass
EPRU,RUDNIKI K/CZESTOCHOWY,PL,airfield_civil,50.88472000,19.20306000,262,08C,77,1800,60,concrete
EPRU,RUDNIKI K/CZESTOCHOWY,PL,airfield_civil,50.88472000,19.20306000,262,26C,257,1800,60,concrete
EPRU,RUDNIKI K/CZESTOCHOWY,PL,airfield_civil,50.88472000,19.20306000,262,08L,77,720,240,grass
EPRU,RUDNIKI K/CZESTOCHOWY,PL,airfield_civil,50.88472000,19.20306000,262,26R,257,720,240,grass
EPRU,RUDNIKI K/CZESTOCHOWY,PL,airfield_civil,50.88472000,19.20306000,262,08R,77,1800,140,grass
EPRU,RUDNIKI K/CZESTOCHOWY,PL,airfield_civil,50.88472000,19.20306000,262,26L,257,1800,140,grass
,RYPIN,PL,airfield_civil,53.04722000,19.42556000,110,14,139,241,22,grass
,RYPIN,PL,airfield_civil,53.04722000,19.42556000,110,32,319,241,22,grass
,RYPIN,PL,airfield_civil,53.04722000,19.42556000,110,04,42,314,26,grass
,RYPIN,PL,airfield_civil,53.04722000,19.42556000,110,22,222,314,26,grass
,RYTEL-UBOGA,PL,airfield_civil,53.73972000,17.83083000,123,03,24,500,27,grass
,RYTEL-UBOGA,PL,airfield_civil,53.73972000,17.83083000,123,21,204,500,27,grass
,RYSIE,PL,airfield_civil,52.22028000,21.47361000,135,02,15,370,35,grass
,RYSIE,PL,airfield_civil,52.22028000,21.47361000,135,20,195,370,35,grass
,RZEDOW K. TURAWY,PL,airfield_civil,50.75972000,18.12889000,177,13,126,480,22,grass
,RZEDOW K. TURAWY,PL,airfield_civil,50.75972000,18.12889000,177,31,306,480,22,grass
,RZEPIN,PL,airfield_civil,52.32222000,14.81083000,62,04,39,900,25,grass
,RZEPIN,PL,airfield_civil,52.32222000,14.81083000,62,22,219,900,25,grass
EPRJ,RZESZOW,PL,airfield_civil,50.10417000,22.04694000,199,08L,83,746,50,grass
EPRJ,RZESZOW,PL,airfield_civil,50.10417000,22.04694000,199,26R,263,746,50,grass
EPRJ,RZESZOW,PL,airfield_civil,50.10417000,22.04694000,199,08R,83,900,30,concrete
EPRJ,RZESZOW,PL,airfield_civil,50.10417000,22.04694000,199,26L,263,900,30,concrete
EPRZ,RZESZOW/JASIONKA,PL,ifr,50.11000000,22.02250000,206,09,91,3200,45,asphalt
EPRZ,RZESZOW/JASIONKA,PL,ifr,50.11000000,22.02250000,206,27,271,3200,45,asphalt
EPSX,SADY KOLONIA,PL,airfield_civil,53.57611000,21.27306000,140,17,174,340,35,grass
EPSX,SADY KOLONIA,PL,airfield_civil,53.57611000,21.27306000,140,35,354,340,35,grass
,SAPOLNO,PL,airfield_civil,53.82528000,17.35250000,149,07,74,2300,27,concrete
,SAPOLNO,PL,airfield_civil,53.82528000,17.35250000,149,25,254,2300,27,concrete
,SIENSK,PL,airfield_civil,51.86139000,14.79528000,58,09,90,430,25,grass
,SIENSK,PL,airfield_civil,51.86139000,14.79528000,58,27,270,430,25,grass
EPSI,SIERADZ,PL,airfield_civil,51.53556000,18.80139000,137,07,66,530,45,grass
EPSI,SIERADZ,PL,airfield_civil,51.53556000,18.80139000,137,25,246,530,45,grass
,SKEPE,PL,airfield_civil,52.83056000,19.38694000,104,13,125,375,45,grass
,SKEPE,PL,airfield_civil,52.83056000,19.38694000,104,31,305,375,45,grass
,SKEPE,PL,airfield_civil,52.83056000,19.38694000,104,04,40,576,45,grass
,SKEPE,PL,airfield_civil,52.83056000,19.38694000,104,22,220,576,45,grass
,SLAWNO,PL,airfield_civil,54.39278000,16.68222000,30,04,45,595,31,grass
,SLAWNO,PL,airfield_civil,54.39278000,16.68222000,30,22,225,595,31,grass
,SLUPSK REDZIKOWO,PL,airfield_civil,54.47861000,17.10694000,67,09,87,2000,60,concrete
,SLUPSK REDZIKOWO,PL,airfield_civil,54.47861000,17.10694000,67,27,267,2000,60,concrete
EPPS,SMILOWO,PL,airfield_civil,53.14500000,16.88194000,88,10,100,800,16,concrete
EPPS,SMILOWO,PL,airfield_civil,53.14500000,16.88194000,88,28,280,800,16,concrete
,SMOLNIK,PL,airfield_civil,49.28167000,22.11861000,594,13,133,500,50,grass
,SMOLNIK,PL,airfield_civil,49.28167000,22.11861000,594,31,313,500,50,grass
EPSJ,SOBIENIE,PL,airfield_civil,51.95267000,21.35250000,88,09,95,778,50,grass
EPSJ,SOBIENIE,PL,airfield_civil,51.95267000,21.35250000,88,27,275,778,50,grass
,SOCHACZEW,PL,closed,52.19833000,20.29139000,88,11,108,950,58,asphalt
,SOCHACZEW,PL,closed,52.19833000,20.29139000,88,29,288,950,58,asphalt
,SOLEC KUJAWSKI,PL,airfield_civil,53.07083000,18.19556000,34,10,96,380,27,grass
,SOLEC KUJAWSKI,PL,airfield_civil,53.07083000,18.19556000,34,28,276,380,27,grass
,SOWINIEC,PL,airfield_civil,52.23750000,16.88944000,52,04,37,578,28,grass
,SOWINIEC,PL,airfield_civil,52.23750000,16.88944000,52,22,217,578,28,grass
,STRZELCE MALE-SZCZUROWA,PL,airfield_civil,50.11889000,20.60250000,176,03,29,525,30,grass
,STRZELCE MALE-SZCZUROWA,PL,airfield_civil,50.11889000,20.60250000,176,21,209,525,30,grass
EPBW,STARA WIES,PL,airfield_civil,49.72306000,22.02556000,302,05,50,500,22,grass
EPBW,STARA WIES,PL,airfield_civil,49.72306000,22.02556000,302,23,230,500,22,grass
,SULISZEW 1,PL,airfield_civil,51.92722000,20.27500000,122,08,82,300,10,grass
,SULISZEW 1,PL,airfield_civil,51.92722000,20.27500000,122,26,262,300,10,grass
,SULISZEW 2,PL,airfield_civil,51.92722000,20.26500000,131,18,180,875,40,grass
,SULISZEW 2,PL,airfield_civil,51.92722000,20.26500000,131,36,360,875,40,grass
EPLS,LESZNO,PL,airfield_civil,51.83335000,16.52264000,90,05R,53,1320,50,grass
EPLS,LESZNO,PL,airfield_civil,51.83335000,16.52264000,90,23L,233,1320,50,grass
EPLS,LESZNO,PL,airfield_civil,51.83335000,16.52264000,90,18,178,940,50,grass
EPLS,LESZNO,PL,airfield_civil,51.83335000,16.52264000,90,36,358,940,50,grass
EPLS,LESZNO,PL,airfield_civil,51.83335000,16.52264000,90,05L,53,950,50,grass
EPLS,LESZNO,PL,airfield_civil,51.83335000,16.52264000,90,23R,233,950,50,grass
,STARE JUCHY,PL,airfield_civil,53.90722000,22.23389000,136,09,91,530,34,grass
,STARE JUCHY,PL,airfield_civil,53.90722000,22.23389000,136,27,271,530,34,grass
EPSU,SUWALKI,PL,airfield_civil,54.07417000,22.89361000,178,08L,75,1320,30,asphalt
EPSU,SUWALKI,PL,airfield_civil,54.07417000,22.89361000,178,26R,255,1320,30,asphalt
EPSU,SUWALKI,PL,airfield_civil,54.07417000,22.89361000,178,08R,75,1080,60,grass
EPSU,SUWALKI,PL,airfield_civil,54.07417000,22.89361000,178,26L,255,1080,60,grass
EPSN,SWIDWIN,PL,military,53.79056000,15.82639000,120,11,111,2500,60,concrete
EPSN,SWIDWIN,PL,military,53.79056000,15.82639000,120,29,291,2500,60,concrete
,SZABRUK,PL,airfield_civil,53.73833000,20.32167000,124,08,85,300,20,grass
,SZABRUK,PL,airfield_civil,53.73833000,20.32167000,124,26,265,300,20,grass
EPWC,SWIEBODZICE,PL,airfield_civil,50.88222000,16.31889000,267,05,55,750,25,grass
EPWC,SWIEBODZICE,PL,airfield_civil,50.88222000,16.31889000,267,23,235,750,25,grass
EPSC,SZCZECIN/GOLENIOW,PL,ifr,53.58472000,14.90222000,47,13,131,2500,60,asphalt
EPSC,SZCZECIN/GOLENIOW,PL,ifr,53.58472000,14.90222000,47,31,311,2500,60,asphalt
EPSD,SZCZECIN DABIE,PL,airfield_civil,53.39083000,14.63222000,1,09,90,1000,50,grass
EPSD,SZCZECIN DABIE,PL,airfield_civil,53.39083000,14.63222000,1,27,270,1000,50,grass
,SZPROTAWA,PL,closed,51.56083000,15.58778000,128,08,80,2400,50,concrete
,SZPROTAWA,PL,closed,51.56083000,15.58778000,128,26,260,2400,50,concrete
EPWS,SZYMANOW,PL,airfield_civil,51.20700000,16.99796000,124,11,110,560,100,grass
EPWS,SZYMANOW,PL,airfield_civil,51.20700000,16.99796000,124,29,290,560,100,grass
EPWS,SZYMANOW,PL,airfield_civil,51.20700000,16.99796000,124,14R,140,700,50,grass
EPWS,SZYMANOW,PL,airfield_civil,51.20700000,16.99796000,124,32L,320,700,50,grass
EPWS,SZYMANOW,PL,airfield_civil,51.20700000,16.99796000,124,14L,140,700,50,grass
EPWS,SZYMANOW,PL,airfield_civil,51.20700000,16.99796000,124,32R,320,700,50,grass
,SZORCE,PL,airfield_civil,53.28528000,22.67417000,110,05,51,420,25,grass
,SZORCE,PL,airfield_civil,53.28528000,22.67417000,110,23,231,420,25,grass
EPTO,TORUN,PL,airfield_civil,53.02917000,18.54583000,50,10R,98,1269,57,concrete
EPTO,TORUN,PL,airfield_civil,53.02917000,18.54583000,50,28L,278,1269,57,concrete
EPTO,TORUN,PL,airfield_civil,53.02917000,18.54583000,50,10L,98,1092,150,grass
EPTO,TORUN,PL,airfield_civil,53.02917000,18.54583000,50,28R,278,1092,150,grass
,TARNOW,PL,airfield_civil,50.00167000,21.00417000,206,09,95,570,50,grass
,TARNOW,PL,airfield_civil,50.00167000,21.00417000,206,27,275,570,50,grass
EPTM,TOMASZOW MAZOWIECKI,PL,military,51.58444000,20.09722000,184,11,116,2000,60,concrete
EPTM,TOMASZOW MAZOWIECKI,PL,military,51.58444000,20.09722000,184,29,296,2000,60,concrete
,TRZCIANO,PL,airfield_civil,53.80889000,19.07472000,74,13,131,400,25,grass
,TRZCIANO,PL,airfield_civil,53.80889000,19.07472000,74,31,311,400,25,grass
EPTN,TRZEBICZ NOWY,PL,airfield_civil,52.79972000,15.79750000,31,08,84,600,60,grass
EPTN,TRZEBICZ NOWY,PL,airfield_civil,52.79972000,15.79750000,31,26,264,600,60,grass
,TRZEBIELINO,PL,airfield_civil,54.21083000,17.06917000,88,15,146,890,28,grass
,TRZEBIELINO,PL,airfield_civil,54.21083000,17.06917000,88,33,326,890,28,grass
,TUROSN KOSCIELNA,PL,airfield_civil,53.00222000,23.05722000,125,03,29,316,35,grass
,TUROSN KOSCIELNA,PL,airfield_civil,53.00222000,23.05722000,125,21,209,316,35,grass
EPST,TURBIA K/STALOWEJ WOLI,PL,airfield_civil,50.62639000,21.99889000,150,12,121,870,100,grass
EPST,TURBIA K/STALOWEJ WOLI,PL,airfield_civil,50.62639000,21.99889000,150,30,301,870,100,grass
,TUSZOW NARODOWY,PL,airfield_civil,50.37306000,21.48542000,158,03,27,670,35,grass
,TUSZOW NARODOWY,PL,airfield_civil,50.37306000,21.48542000,158,21,207,670,35,grass
EPGU,ULIM,PL,airfield_civil,52.69278000,15.21806000,15,11,116,900,30,grass
EPGU,ULIM,PL,airfield_civil,52.69278000,15.21806000,15,29,296,900,30,grass
,TWORZYJANOW,PL,airfield_civil,50.92278000,16.67833000,176,09,90,430,24,grass
,TWORZYJANOW,PL,airfield_civil,50.92278000,16.67833000,176,27,270,430,24,grass
,WALOWICE,PL,airfield_civil,52.00361000,14.79667000,42,12,120,800,25,grass
,WARKA,PL,airfield_civil,51.74444000,21.20250000,110,09,89,380,40,grass
,WARKA,PL,airfield_civil,51.74444000,21.20250000,110,27,269,380,40,grass
EPBC,WARSZAWA - BABICE,PL,airfield_civil,52.26917000,20.90722000,106,10R,98,1301,90,concrete
EPBC,WARSZAWA - BABICE,PL,airfield_civil,52.26917000,20.90722000,106,28L,278,1301,90,concrete
EPBC,WARSZAWA - BABICE,PL,airfield_civil,52.26917000,20.90722000,106,10L,98,1000,150,grass
EPBC,WARSZAWA - BABICE,PL,airfield_civil,52.26917000,20.90722000,106,28R,278,1000,150,grass
EPMO,WARSZAWA/MODLIN,PL,international,52.45122000,20.65189000,100,08,78,2500,45,asphalt
EPMO,WARSZAWA/MODLIN,PL,international,52.45122000,20.65189000,100,26,258,2500,45,asphalt
EPWA,LOTNISKO CHOPINA W WARSZAWIE,PL,international,52.16583000,20.96722000,99,11,114,2800,50,asphalt
EPWA,LOTNISKO CHOPINA W WARSZAWIE,PL,international,52.16583000,20.96722000,99,29,294,2800,50,asphalt
EPWA,LOTNISKO CHOPINA W WARSZAWIE,PL,international,52.16583000,20.96722000,99,15,151,3690,60,asphalt
EPWA,LOTNISKO CHOPINA W WARSZAWIE,PL,international,52.16583000,20.96722000,99,33,331,3690,60,asphalt
EPWT,WATOROWO,PL,airfield_civil,53.29857000,18.41424000,91,08,75,804,59,grass
EPWT,WATOROWO,PL,airfield_civil,53.29857000,18.41424000,91,26,255,804,59,grass
,WERLAS,PL,airfield_civil,49.35111000,22.48167000,479,06,56,500,27,grass
,WERLAS,PL,airfield_civil,49.35111000,22.48167000,479,24,236,500,27,grass
EPWI,WICKO MORSKIE,PL,closed,54.55361000,16.61806000,2,02,24,843,45,asphalt
EPWI,WICKO MORSKIE,PL,closed,54.55361000,16.61806000,2,22,204,843,45,asphalt
EPWI,WICKO MORSKIE,PL,closed,54.55361000,16.61806000,2,10,96,1180,45,asphalt
EPWI,WICKO MORSKIE,PL,closed,54.55361000,16.61806000,2,28,276,1180,45,asphalt
EPVL,WILCZE LASKI,PL,airfield_civil,53.59457000,16.72378000,160,10,101,1270,30,asphalt
EPVL,WILCZE LASKI,PL,airfield_civil,53.59457000,16.72378000,160,26,281,1270,30,asphalt
,WEREMIEN,PL,airfield_civil,49.44583000,22.31917000,405,05,50,350,30,grass
,WEREMIEN,PL,airfield_civil,49.44583000,22.31917000,405,23,230,350,30,grass
,WILGA,PL,airfield_civil,51.88139000,21.36944000,93,09,95,660,15,grass
,WILGA,PL,airfield_civil,51.88139000,21.36944000,93,27,275,660,15,grass
,WINCENTOW 1,PL,airfield_civil,51.93972000,21.14889000,107,01,14,474,30,grass
,WINCENTOW 1,PL,airfield_civil,51.93972000,21.14889000,107,19,194,474,30,grass
EPWJ,WISNIEW,PL,airfield_civil,52.08056000,22.26389000,152,10,101,530,40,grass
EPWJ,WISNIEW,PL,airfield_civil,52.08056000,22.26389000,152,28,281,530,40,grass
EPWR,WROCLAW/STRACHOWICE,PL,ifr,51.10278000,16.88583000,123,11,116,2503,45,asphalt
EPWR,WROCLAW/STRACHOWICE,PL,ifr,51.10278000,16.88583000,123,29,296,2503,45,asphalt
,WISZNICE,PL,airfield_civil,51.77889000,23.16639000,154,13,127,510,25,grass
,WISZNICE,PL,airfield_civil,51.77889000,23.16639000,154,31,307,510,25,grass
,WOLOWNO2,PL,airfield_civil,53.80889000,20.18278000,108,16,162,450,20,grass
,WOLOWNO2,PL,airfield_civil,53.80889000,20.18278000,108,34,342,450,20,grass
,WRZESNIA,PL,airfield_civil,52.30583000,17.55833000,105,08,83,500,37,grass
,WRZESNIA,PL,airfield_civil,52.30583000,17.55833000,105,26,263,500,37,grass
,ZABIA WOLA,PL,airfield_civil,52.03778000,20.67861000,143,11,107,440,30,grass
,ZABIA WOLA,PL,airfield_civil,52.03778000,20.67861000,143,29,287,440,30,grass
EPZA,ZAMOSC,PL,airfield_civil,50.70083000,23.20472000,229,12L,126,930,50,grass
EPZA,ZAMOSC,PL,airfield_civil,50.70083000,23.20472000,229,30R,306,930,50,grass
EPZA,ZAMOSC,PL,airfield_civil,50.70083000,23.20472000,229,12R,126,950,30,grass
EPZA,ZAMOSC,PL,airfield_civil,50.70083000,23.20472000,229,30L,306,950,50,grass
EPZW,ZAWISZYN,PL,airfield_civil,54.27806000,22.53778000,221,13,129,842,40,grass
EPZW,ZAWISZYN,PL,airfield_civil,54.27806000,22.53778000,221,31,309,842,40,grass
EPZB,ZBOROWO,PL,airfield_civil,52.36193000,16.63842000,74,10,101,900,50,grass
EPZB,ZBOROWO,PL,airfield_civil,52.36193000,16.63842000,74,28,281,900,50,grass
EPZL,ZDZIAR-LOPATKI,PL,airfield_civil,52.63556000,20.07028000,135,06,57,605,40,grass
EPZL,ZDZIAR-LOPATKI,PL,airfield_civil,52.63556000,20.07028000,135,24,237,605,40,grass
EPZR,ZAR K/ZYWCA,PL,airfield_civil,49.77114000,19.21852000,378,04,43,500,50,grass
EPZR,ZAR K/ZYWCA,PL,airfield_civil,49.77114000,19.21852000,378,22,223,500,50,grass
EPZT,ZATOR,PL,airfield_civil,49.96000000,19.40278000,254,07,68,474,26,grass
EPZT,ZATOR,PL,airfield_civil,49.96000000,19.40278000,254,25,248,474,26,grass
,ZERNICA,PL,airfield_civil,49.36250000,22.33056000,491,03,27,720,40,grass
,ZERNICA,PL,airfield_civil,49.36250000,22.33056000,491,21,207,720,40,grass
EPZE,ZERNIKI,PL,airfield_civil,52.32250000,17.04083000,80,05,54,432,18,concrete
EPZE,ZERNIKI,PL,airfield_civil,52.32250000,17.04083000,80,23,234,432,18,concrete
EPZG,ZIELONA GORA/BABIMOST,PL,ifr,52.13861000,15.79861000,59,06,65,2500,60,concrete
EPZG,ZIELONA GORA/BABIMOST,PL,ifr,52.13861000,15.79861000,59,24,245,2500,60,concrete
,ZLOBEK MALY,PL,airfield_civil,51.45444000,23.54250000,157,02,26,658,38,grass
,ZLOBEK MALY,PL,airfield_civil,51.45444000,23.54250000,157,20,206,658,38,grass
,ZLOBEK MALY,PL,airfield_civil,51.45444000,23.54250000,157,04,44,496,38,grass
,ZLOBEK MALY,PL,airfield_civil,51.45444000,23.54250000,157,22,224,496,38,grass
EPZK,ZLOCZEW-KONOPNICA,PL,airfield_civil,51.36083000,18.82222000,162,15,154,550,30,grass
EPZK,ZLOCZEW-KONOPNICA,PL,airfield_civil,51.36083000,18.82222000,162,33,334,550,30,grass
EPSS,ŚWIDNICA - KRZCZONÓW,PL,airfield_civil,50.81715000,16.58224000,248,11,110,450,20,grass
EPSS,ŚWIDNICA - KRZCZONÓW,PL,airfield_civil,50.81715000,16.58224000,248,29,290,450,20,grass
,ZYZDROJOWA WOLA,PL,airfield_civil,53.65750000,21.27750000,137,10,103,600,25,grass
,ZYZDROJOWA WOLA,PL,airfield_civil,53.65750000,21.27750000,137,28,283,600,25,grass
EPSP,SIERAKÓW-LUTOMEK,PL,airfield_civil,52.60835000,16.15478000,63,09,92,600,15,grass
EPSP,SIERAKÓW-LUTOMEK,PL,airfield_civil,52.60835000,16.15478000,63,27,272,600,15,grass
,DEJGUNY,PL,landing_strip,54.02079000,21.59394000,121,04,35,320,30,grass
,DEJGUNY,PL,landing_strip,54.02079000,21.59394000,121,22,215,320,30,grass
,DEJGUNY,PL,landing_strip,54.02079000,21.59394000,121,09,90,375,25,grass
,DEJGUNY,PL,landing_strip,54.02079000,21.59394000,121,27,270,375,25,grass
,BRZEZINY,PL,landing_strip,51.80855000,19.73838000,195,17,172,650,0,grass
,BRZEZINY,PL,landing_strip,51.80855000,19.73838000,195,35,352,650,0,grass
,BYCHLEW,PL,ultralight,51.63783000,19.34600000,184,09,87,850,30,grass
,BYCHLEW,PL,ultralight,51.63783000,19.34600000,184,27,267,850,30,grass
,BRUŻYCZKA MAŁA,PL,landing_strip,51.84803000,19.32917000,180,17,173,800,0,grass
,BRUŻYCZKA MAŁA,PL,landing_strip,51.84803000,19.32917000,180,35,353,800,0,grass
,BORONÓW,PL,landing_strip,50.68058000,18.91547000,286,16,159,280,15,grass
,BORONÓW,PL,landing_strip,50.68058000,18.91547000,286,34,339,280,15,grass
,BOBROWNIKI,PL,landing_strip,52.06583000,20.03155000,85,07,69,870,50,grass
,BOBROWNIKI,PL,landing_strip,52.06583000,20.03155000,85,25,249,870,50,grass
,BUKOWINA BOBRZAŃSKA,PL,ultralight,51.60633000,15.42338000,140,18,178,370,30,grass
,BUKOWINA BOBRZAŃSKA,PL,ultralight,51.60633000,15.42338000,140,36,358,370,30,grass
,BIBIANÓW,PL,landing_strip,51.94550000,19.25717000,140,09,86,385,0,grass
,BIBIANÓW,PL,landing_strip,51.94550000,19.25717000,140,27,266,385,0,grass
,CHOCIANÓW,PL,landing_strip,51.42780000,15.91803000,148,12,124,600,18,grass
,CHOCIANÓW,PL,landing_strip,51.42780000,15.91803000,148,30,304,600,18,grass
,JASIENNA,PL,landing_strip,49.71647000,20.81200000,524,14,144,300,0,grass
,JASIENNA,PL,landing_strip,49.71647000,20.81200000,524,32,324,300,0,grass
,CHEŁMŻYCA,PL,landing_strip,53.67045000,19.46075000,98,15,145,457,30,grass
,CHEŁMŻYCA,PL,landing_strip,53.67045000,19.46075000,98,33,325,457,30,grass
,DMOSIN,PL,landing_strip,51.93808000,19.77855000,146,15,147,375,15,grass
,DMOSIN,PL,landing_strip,51.93808000,19.77855000,146,33,327,375,15,grass
,DYLEW,PL,landing_strip,51.71600000,20.77162000,138,06,61,256,30,grass
,DYLEW,PL,landing_strip,51.71600000,20.77162000,138,24,241,256,30,grass
,DOBIESŁAWICE,PL,landing_strip,50.22442000,20.57403000,180,17,172,287,18,grass
,DOBIESŁAWICE,PL,landing_strip,50.22442000,20.57403000,180,35,352,287,18,grass
,DZWONO-SIERBOWICE,PL,landing_strip,50.51075000,19.64822000,373,18,179,330,20,grass
,DZWONO-SIERBOWICE,PL,landing_strip,50.51075000,19.64822000,373,36,359,330,20,grass
,NIEMIRY,PL,landing_strip,52.64309000,21.57177000,93,03,34,400,35,grass
,NIEMIRY,PL,landing_strip,52.64309000,21.57177000,93,21,214,400,35,grass
,NOWY BOSTÓW,PL,ultralight,50.92542000,21.08568000,305,10,97,220,30,grass
,NOWY BOSTÓW,PL,ultralight,50.92542000,21.08568000,305,28,277,220,30,grass
,PIĘKNE KĄTY,PL,landing_strip,51.75720000,15.84204000,61,05,61,500,30,grass
,PIĘKNE KĄTY,PL,landing_strip,51.75720000,15.84204000,61,23,241,500,30,grass
,LASOCIN,PL,landing_strip,51.73442000,15.68070000,92,11,105,380,22,grass
,LASOCIN,PL,landing_strip,51.73442000,15.68070000,92,29,285,380,22,grass
,MRĄGOWO-NIKUTOWO,PL,ultralight,53.83856000,21.29694000,156,18,185,700,50,grass
,MRĄGOWO-NIKUTOWO,PL,ultralight,53.83856000,21.29694000,156,36,5,700,50,grass
,KRUTECZEK,PL,landing_strip,52.83428000,16.45720000,65,13,131,300,0,grass
,KRUTECZEK,PL,landing_strip,52.83428000,16.45720000,65,31,311,300,0,grass
,WĄSEWO,PL,landing_strip,52.85135000,21.72876000,118,09,91,650,22,grass
,WĄSEWO,PL,landing_strip,52.85135000,21.72876000,118,27,271,650,22,grass
,JAWORZE,PL,landing_strip,53.31158000,15.71187000,105,36,0,300,0,grass
,JAWORZE,PL,landing_strip,53.31158000,15.71187000,105,18,180,300,0,grass
,KUTNO,PL,landing_strip,52.20858000,19.39067000,97,03,34,300,60,grass
,KUTNO,PL,landing_strip,52.20858000,19.39067000,97,21,214,300,60,grass
,KOŚCIELECZKI,PL,ultralight,54.06470000,19.00478000,5,07,65,982,0,grass
,KOŚCIELECZKI,PL,ultralight,54.06470000,19.00478000,5,25,245,982,0,grass
,KACZOWICE,PL,landing_strip,50.69095000,17.10988000,287,12,117,311,20,grass
,KACZOWICE,PL,landing_strip,50.69095000,17.10988000,287,30,297,311,20,grass
,KARCZEW,PL,landing_strip,52.08042000,21.22745000,88,08,78,450,20,grass
,KARCZEW,PL,landing_strip,52.08042000,21.22745000,88,26,258,450,20,grass
,KAMIENICA SZLACHECKA,PL,landing_strip,54.26555000,17.95833000,218,09,90,350,0,grass
,KAMIENICA SZLACHECKA,PL,landing_strip,54.26555000,17.95833000,218,27,270,350,0,grass
,KROŚNIEWICE,PL,airport,52.25555000,19.15128000,121,09,86,535,0,grass
,KROŚNIEWICE,PL,airport,52.25555000,19.15128000,121,27,266,535,0,grass
,KSIĘGINKI,PL,landing_strip,51.95645000,17.07575000,102,14,135,296,20,grass
,KSIĘGINKI,PL,landing_strip,51.95645000,17.07575000,102,32,315,296,20,grass
,JEZIORKO ŁOMŻA,PL,landing_strip,53.21545000,22.14715000,145,13,137,700,65,grass
,JEZIORKO ŁOMŻA,PL,landing_strip,53.21545000,22.14715000,145,31,317,700,65,grass
,WLEWSK,PL,landing_strip,53.27533000,19.76053000,162,12,122,1100,0,grass
,WLEWSK,PL,landing_strip,53.27533000,19.76053000,162,30,302,1100,0,grass
,GOSTKOWO,PL,ultralight,53.11172000,18.68056000,85,28,100,450,29,grass
,GOSTKOWO,PL,ultralight,53.11172000,18.68056000,85,10,280,450,29,grass
,ŁOWICZ,PL,landing_strip,52.08405000,19.85903000,91,02,17,690,0,grass
,ŁOWICZ,PL,landing_strip,52.08405000,19.85903000,91,20,197,690,0,grass
,ŻAGAŃ,PL,airport,51.62780000,15.40803000,152,11,108,2500,0,grass
,ŻAGAŃ,PL,airport,51.62780000,15.40803000,152,29,288,2500,0,grass
,ŁOSICE,PL,landing_strip,52.23836000,22.71124000,155,17,172,475,30,grass
,ŁOSICE,PL,landing_strip,52.23836000,22.71124000,155,35,352,475,30,grass
,ŁOMŻA II,PL,landing_strip,53.19388000,22.04837000,96,08,79,1670,0,grass
,ŁOMŻA II,PL,landing_strip,53.19388000,22.04837000,96,26,259,1670,0,grass
,LĘDZIECHOWO,PL,airport,54.66858000,17.74313000,88,17,172,2300,0,grass
,LĘDZIECHOWO,PL,airport,54.66858000,17.74313000,88,35,352,2300,0,grass
,ŁAGOWIEC,PL,landing_strip,52.33462000,15.66600000,73,14,135,810,0,grass
,ŁAGOWIEC,PL,landing_strip,52.33462000,15.66600000,73,32,315,810,0,grass
,KONOPISKA,PL,landing_strip,50.73970000,19.00833000,271,05,47,800,30,grass
,KONOPISKA,PL,landing_strip,50.73970000,19.00833000,271,23,227,800,26,grass
,ŁOMNICA,PL,landing_strip,51.81980000,21.86130000,168,18,178,369,16,grass
,ŁOMNICA,PL,landing_strip,51.81980000,21.86130000,168,36,358,369,16,grass
,ŁĄKTA GÓRNA,PL,landing_strip,49.83325000,20.41092000,314,18,180,225,17,grass
,ŁĄKTA GÓRNA,PL,landing_strip,49.83325000,20.41092000,314,36,0,225,17,grass
,KAZIMIERZA MAŁA,PL,landing_strip,50.26080000,20.54070000,187,13,134,620,27,grass
,KAZIMIERZA MAŁA,PL,landing_strip,50.26080000,20.54070000,187,31,314,620,27,grass
,DĄBROWA GÓRNICZA-ŁOSIEŃ,PL,landing_strip,50.35000000,19.30937000,357,01,10,350,0,grass
,DĄBROWA GÓRNICZA-ŁOSIEŃ,PL,landing_strip,50.35000000,19.30937000,357,19,190,350,0,grass
,CZĘSTOCHOWA-KAWODRZA,PL,landing_strip,50.78250000,19.04937000,267,02,15,222,14,grass
,CZĘSTOCHOWA-KAWODRZA,PL,landing_strip,50.78250000,19.04937000,267,20,195,222,14,grass
,KAWĘCZYN,PL,landing_strip,51.88230000,20.22078000,158,03,29,735,0,grass
,KAWĘCZYN,PL,landing_strip,51.88230000,20.22078000,158,21,209,735,0,grass
,CHROMNA,PL,landing_strip,52.10913000,22.37738000,164,18,178,245,15,grass
,CHROMNA,PL,landing_strip,52.10913000,22.37738000,164,36,358,245,15,grass
,KOLONIA,PL,landing_strip,53.57600000,21.27297000,140,17,174,340,35,grass
,KOLONIA,PL,landing_strip,53.57600000,21.27297000,140,35,354,340,35,grass
,DĄBCZE,PL,ultralight,51.81875000,16.66000000,98,10,97,610,24,grass
,DĄBCZE,PL,ultralight,51.81875000,16.66000000,98,28,277,610,24,grass
,CHWAŁOWICE,PL,landing_strip,50.76592000,21.89612000,194,10,96,623,0,grass
,CHWAŁOWICE,PL,landing_strip,50.76592000,21.89612000,194,28,276,623,0,grass
,IZDEBNO KOŚCIELNE,PL,landing_strip,52.12233000,20.52717000,91,11,107,125,0,grass
,IZDEBNO KOŚCIELNE,PL,landing_strip,52.12233000,20.52717000,91,29,287,125,0,grass
,KONARY,PL,landing_strip,52.28742000,20.27742000,69,08,83,350,25,grass
,KONARY,PL,landing_strip,52.28742000,20.27742000,69,26,263,350,25,grass
,KOLONIA SŁOJA,PL,landing_strip,53.33288000,23.61758000,204,09,93,512,25,grass
,KOLONIA SŁOJA,PL,landing_strip,53.33288000,23.61758000,204,27,273,512,25,grass
,CZECHY,PL,landing_strip,50.21238000,20.15425000,236,10,102,420,15,grass
,CZECHY,PL,landing_strip,50.21238000,20.15425000,236,28,282,420,15,grass
,CHOJNICE,PL,ultralight,53.68033000,17.53313000,163,03,210,500,30,grass
,CHOJNICE,PL,ultralight,53.68033000,17.53313000,163,21,30,500,30,grass
,KOŁO,PL,landing_strip,52.17513000,18.69530000,95,03,29,520,0,grass
,KOŁO,PL,landing_strip,52.17513000,18.69530000,95,21,209,520,0,grass
,FLYTEAM GÓRA,PL,landing_strip,51.68958000,16.49828000,105,05,52,128,30,grass
,FLYTEAM GÓRA,PL,landing_strip,51.68958000,16.49828000,105,23,232,128,30,grass
,WOLA KRAKOWIAŃSKA II,PL,landing_strip,52.02695000,20.81122000,131,01,3,650,0,grass
,WOLA KRAKOWIAŃSKA II,PL,landing_strip,52.02695000,20.81122000,131,19,183,650,0,grass
,WOLA KRAKOWIAŃSKA I,PL,landing_strip,52.02712000,20.80728000,131,15,155,730,0,grass
,WOLA KRAKOWIAŃSKA I,PL,landing_strip,52.02712000,20.80728000,131,33,335,730,0,grass
,WYSZONOWICE,PL,landing_strip,50.78347000,17.16113000,151,12,117,224,0,grass
,WYSZONOWICE,PL,landing_strip,50.78347000,17.16113000,151,30,297,224,0,grass
,WITNICA,PL,landing_strip,52.67322000,14.86913000,19,01,13,430,0,grass
,WITNICA,PL,landing_strip,52.67322000,14.86913000,19,19,193,430,0,grass
,ŻYRÓW,PL,landing_strip,51.88008000,20.96567000,119,10,104,430,0,grass
,ŻYRÓW,PL,landing_strip,51.88008000,20.96567000,119,28,284,430,0,grass
,ZAJĄCZKOWO,PL,landing_strip,53.21555000,18.77333000,88,14,136,270,0,grass
,ZAJĄCZKOWO,PL,landing_strip,53.21555000,18.77333000,88,32,316,270,0,grass
,WOLA KORYTNICKA,PL,ultralight,52.41258000,21.82162000,137,01,8,760,0,grass
,WOLA KORYTNICKA,PL,ultralight,52.41258000,21.82162000,137,19,188,760,0,grass
,WOLICA ŁUGOWA,PL,landing_strip,50.09770000,21.72550000,213,07,66,400,0,grass
,WOLICA ŁUGOWA,PL,landing_strip,50.09770000,21.72550000,213,25,246,400,0,grass
,ŻODYŃ,PL,landing_strip,52.11603000,15.97692000,55,10,96,300,0,grass
,ŻODYŃ,PL,landing_strip,52.11603000,15.97692000,55,28,276,300,0,grass
,ZBUCZYN,PL,landing_strip,52.09258000,22.41463000,159,36,3,410,0,grass
,ZBUCZYN,PL,landing_strip,52.09258000,22.41463000,159,18,183,410,0,grass
,ZOFIANÓW,PL,landing_strip,51.78670000,20.38883000,165,01,11,400,0,grass
,ZOFIANÓW,PL,landing_strip,51.78670000,20.38883000,165,19,191,400,0,grass
,ŻYTNIÓW,PL,landing_strip,51.02547000,18.55397000,211,02,18,420,0,grass
,ŻYTNIÓW,PL,landing_strip,51.02547000,18.55397000,211,20,198,420,0,grass
,KRĘŻCE,PL,ultralight,51.93861000,20.09056000,132,04,40,850,64,grass
,KRĘŻCE,PL,ultralight,51.93861000,20.09056000,132,22,220,850,64,grass
,WYSOKA,PL,landing_strip,52.76278000,15.00438000,76,06,55,320,0,grass
,WYSOKA,PL,landing_strip,52.76278000,15.00438000,76,24,235,320,0,grass
,RYKI II,PL,landing_strip,51.64438000,21.94728000,170,04,38,100,0,grass
,RYKI II,PL,landing_strip,51.64438000,21.94728000,170,22,218,100,0,grass
,WIELKI LUBIEŃ,PL,landing_strip,53.52770000,18.73363000,13,03,34,120,0,grass
,WIELKI LUBIEŃ,PL,landing_strip,53.52770000,18.73363000,13,21,214,120,0,grass
,WILKÓW ŚREDZKI,PL,ultralight,51.06428000,16.69963000,149,09,86,288,0,grass
,WILKÓW ŚREDZKI,PL,ultralight,51.06428000,16.69963000,149,27,266,288,0,grass
,TCZEW,PL,landing_strip,54.10600000,18.75945000,1,02,22,250,0,grass
,TCZEW,PL,landing_strip,54.10600000,18.75945000,1,20,202,250,0,grass
,PSTROKONIE,PL,landing_strip,51.51763000,18.87508000,135,05,48,250,0,grass
,PSTROKONIE,PL,landing_strip,51.51763000,18.87508000,135,23,228,250,0,grass
,ŚWIEBODZIN,PL,landing_strip,52.25233000,15.56692000,77,07,68,500,0,grass
,ŚWIEBODZIN,PL,landing_strip,52.25233000,15.56692000,77,25,248,500,0,grass
,SKIERNIEWICE-PSARY,PL,ultralight,51.88605000,20.32503000,148,12,120,530,0,grass
,SKIERNIEWICE-PSARY,PL,ultralight,51.88605000,20.32503000,148,30,300,530,0,grass
,WAŁYCZYK,PL,landing_strip,53.24358000,18.98625000,87,02,20,300,0,grass
,WAŁYCZYK,PL,landing_strip,53.24358000,18.98625000,87,20,200,300,0,grass
,SZADEK,PL,landing_strip,51.70095000,18.99962000,167,02,24,465,0,grass
,SZADEK,PL,landing_strip,51.70095000,18.99962000,167,20,204,465,0,grass
,TUCZNO,PL,landing_strip,53.20772000,16.13613000,97,14,137,900,0,grass
,TUCZNO,PL,landing_strip,53.20772000,16.13613000,97,32,317,900,0,grass
,TRÓJCA,PL,landing_strip,51.15297000,15.09837000,215,18,178,500,0,grass
,TRÓJCA,PL,landing_strip,51.15297000,15.09837000,215,36,358,500,0,grass
,OŻARÓW,PL,landing_strip,50.90220000,21.65700000,180,02,16,670,35,grass
,OŻARÓW,PL,landing_strip,50.90220000,21.65700000,180,20,196,670,35,grass
,RAWICZ,PL,landing_strip,51.61525000,16.90400000,93,10,100,440,0,grass
,RAWICZ,PL,landing_strip,51.61525000,16.90400000,93,28,280,440,0,grass
,ŚWIĘTA KATARZYNA,PL,landing_strip,51.01612000,17.10500000,126,15,146,530,0,grass
,ŚWIĘTA KATARZYNA,PL,landing_strip,51.01612000,17.10500000,126,33,326,530,0,grass
,ŚNIATOWO,PL,airport,53.87830000,14.86517000,9,10,104,2290,0,grass
,ŚNIATOWO,PL,airport,53.87830000,14.86517000,9,28,284,2290,0,grass
,UŁĘŻ,PL,airport,51.61912000,22.10142000,171,13,131,1400,0,grass
,UŁĘŻ,PL,airport,51.61912000,22.10142000,171,31,311,1400,0,grass
,WĄGROWIEC-ŁĘGOWO,PL,landing_strip,52.77558000,17.16712000,82,12,120,570,0,grass
,WĄGROWIEC-ŁĘGOWO,PL,landing_strip,52.77558000,17.16712000,82,30,300,570,0,grass
,PISARZOWICE,PL,landing_strip,51.14900000,15.23353000,270,01,8,315,70,grass
,PISARZOWICE,PL,landing_strip,51.14900000,15.23353000,270,19,188,315,70,grass
,TRUSKOLASY,PL,landing_strip,50.87280000,18.84878000,299,05,53,410,0,grass
,TRUSKOLASY,PL,landing_strip,50.87280000,18.84878000,299,23,233,410,0,grass
,TRUTNOWO,PL,landing_strip,53.46453000,18.09425000,105,10,100,250,0,grass
,TRUTNOWO,PL,landing_strip,53.46453000,18.09425000,105,28,280,250,0,grass
,PRZEDECZ,PL,landing_strip,52.32408000,18.90675000,111,02,20,560,0,grass
,PRZEDECZ,PL,landing_strip,52.32408000,18.90675000,111,20,200,560,0,grass
,SZKLARKA PRZYGODZICKA,PL,landing_strip,51.48817000,17.79505000,134,12,122,406,0,grass
,SZKLARKA PRZYGODZICKA,PL,landing_strip,51.48817000,17.79505000,134,30,302,406,0,grass
,OLEWIN,PL,landing_strip,51.21450000,18.63155000,186,02,19,550,0,grass
,OLEWIN,PL,landing_strip,51.21450000,18.63155000,186,20,199,550,0,grass
,STRÓŻE,PL,landing_strip,49.67988000,20.97253000,396,09,89,270,0,grass
,STRÓŻE,PL,landing_strip,49.67988000,20.97253000,396,27,269,270,0,grass
,NADMA,PL,landing_strip,52.36375000,21.17192000,82,18,180,403,17,grass
,NADMA,PL,landing_strip,52.36375000,21.17192000,82,36,0,403,17,grass
,ROBAKOWO,PL,landing_strip,53.35447000,18.66725000,84,04,43,400,0,grass
,ROBAKOWO,PL,landing_strip,53.35447000,18.66725000,84,22,223,400,0,grass
,PODTRZCIANNA,PL,landing_strip,51.92203000,20.19283000,130,08,81,470,0,grass
,PODTRZCIANNA,PL,landing_strip,51.92203000,20.19283000,130,26,261,470,0,grass
,OLSZANKA,PL,landing_strip,52.14947000,22.66863000,162,03,29,445,20,grass
,OLSZANKA,PL,landing_strip,52.14947000,22.66863000,162,21,209,445,20,grass
,POLANKI OSIECKIE,PL,landing_strip,51.98847000,21.41100000,133,16,157,720,0,grass
,POLANKI OSIECKIE,PL,landing_strip,51.98847000,21.41100000,133,34,337,720,0,grass
,OSIECZANY,PL,landing_strip,49.84887000,19.98755000,269,03,27,220,25,grass
,OSIECZANY,PL,landing_strip,49.84887000,19.98755000,269,21,207,220,25,grass
,PODBORZE,PL,landing_strip,50.24372000,21.31430000,177,02,15,300,40,grass
,PODBORZE,PL,landing_strip,50.24372000,21.31430000,177,20,195,300,40,grass
,NOWY TOMYŚL,PL,landing_strip,52.30763000,16.14560000,56,01,7,300,60,grass
,NOWY TOMYŚL,PL,landing_strip,52.30763000,16.14560000,56,19,187,300,60,grass
,MIEDZNA-ŻELEŹNIKI,PL,ultralight,52.45097000,22.09308000,155,13,132,500,0,grass
,MIEDZNA-ŻELEŹNIKI,PL,ultralight,52.45097000,22.09308000,155,31,312,500,0,grass
,SĄSPÓW,PL,landing_strip,50.22270000,19.78480000,454,06,55,520,0,grass
,SĄSPÓW,PL,landing_strip,50.22270000,19.78480000,454,24,235,520,0,grass
,PRABUTY,PL,landing_strip,53.72487000,19.20638000,104,12,118,575,0,grass
,PRABUTY,PL,landing_strip,53.72487000,19.20638000,104,30,298,575,0,grass
,PIJANÓW,PL,ultralight,51.02883000,20.15467000,236,18,178,630,0,grass
,PIJANÓW,PL,ultralight,51.02883000,20.15467000,236,36,358,630,0,grass
,NADOLNA,PL,landing_strip,51.91333000,19.85625000,186,36,1,425,35,grass
,NADOLNA,PL,landing_strip,51.91333000,19.85625000,186,18,181,425,35,grass
,OSIECZNA,PL,landing_strip,51.91588000,16.70858000,96,06,58,410,25,grass
,OSIECZNA,PL,landing_strip,51.91588000,16.70858000,96,24,238,410,25,grass
,STARY KRASZEW,PL,landing_strip,52.41230000,21.24937000,85,01,13,350,0,grass
,STARY KRASZEW,PL,landing_strip,52.41230000,21.24937000,85,19,193,350,0,grass
,NIEBORÓW,PL,ultralight,52.07012000,20.06055000,87,17,169,316,12,grass
,NIEBORÓW,PL,ultralight,52.07012000,20.06055000,87,35,349,316,12,grass
,WIĘCKOWY,PL,landing_strip,54.06222000,18.36750000,158,07,80,785,20,grass
,WIĘCKOWY,PL,landing_strip,54.06222000,18.36750000,158,25,260,785,20,grass
,WALENDÓW,PL,ultralight,52.08067000,20.85308000,105,10,95,720,0,grass
,WALENDÓW,PL,ultralight,52.08067000,20.85308000,105,28,275,720,0,grass
,NOWE DWORY,PL,landing_strip,49.97312000,19.61814000,215,09,90,250,60,grass
,NOWE DWORY,PL,landing_strip,49.97312000,19.61814000,215,27,270,250,60,grass
,OBORA,PL,landing_strip,52.57528000,17.53278000,113,11,110,450,22,grass
,OBORA,PL,landing_strip,52.57528000,17.53278000,113,29,290,450,22,grass
,IRZĄDZE,PL,landing_strip,50.62250000,19.71139000,288,13,127,288,27,grass
,IRZĄDZE,PL,landing_strip,50.62250000,19.71139000,288,31,307,288,27,grass
,ŁAGÓW,PL,ultralight,50.76722000,21.05912000,330,18,360,214,30,grass
,ŁAGÓW,PL,ultralight,50.76722000,21.05912000,330,36,180,214,30,grass
,OBRYTE,PL,landing_strip,52.71160000,21.25524000,104,17,170,589,17,grass
,OBRYTE,PL,landing_strip,52.71160000,21.25524000,104,35,350,589,17,grass
EPRS,SOCHACZEW-RYBNO,PL,airfield_civil,52.24228000,20.12653000,37,36,3,450,20,grass
EPRS,SOCHACZEW-RYBNO,PL,airfield_civil,52.24228000,20.12653000,37,18,183,450,20,grass
EPRD,MAZURY AIR CAMP,PL,airfield_civil,54.13361000,21.59861000,108,01,10,450,30,grass
EPRD,MAZURY AIR CAMP,PL,airfield_civil,54.13361000,21.59861000,108,19,190,450,30,grass
EPDS,WITKÓW,PL,airfield_civil,50.79624000,16.11499000,501,15,150,900,30,grass
EPDS,WITKÓW,PL,airfield_civil,50.79624000,16.11499000,501,33,330,900,30,grass
